dataset,model,PR-AUC,ROC-AUC,F1_0,F1_1,Recall_0,Recall_1,Geo-Mean,runtime,samples,anomalies,n_features,seed,lr,latent_dim,n_trees,height,window_len,PR-AUC_std,ROC-AUC_std,F1_0_std,F1_1_std,Recall_0_std,Recall_1_std,Geo-Mean_std,runtime_std,samples_std,anomalies_std,n_features_std,seed_std,lr_std,latent_dim_std,n_trees_std,height_std,window_len_std
agra1,AE,0.021707853678673745,0.45144256,0.18128716457938338,0.049282480477776926,0.16372,0.8496,0.1312990679075277,5.720293045043945,10250.0,250.0,9.0,44.0,0.02,0.1,,,,0.003150160043029327,0.04722675562568318,0.3929997618411103,0.0034375056205503073,0.35988472043141817,0.3363046238159684,0.17689175633213672,1.1193488466228774,0.0,0.0,0.0,1.5811388300841898,0.0,0.0,,,
agra1,DAE,0.022360335008148432,0.46348224,0.23015353685813816,0.04897070572086918,0.2105,0.8032,0.14693628958819643,9.31264066696167,10250.0,250.0,9.0,44.0,0.02,,,,,0.0016077485807007427,0.015226160239797813,0.41589470302842335,0.0021076875779200226,0.41572662892819356,0.4052298113416633,0.12624721186056778,0.819181449442365,0.0,0.0,0.0,1.5811388300841898,0.0,,,,
agra1,HST,0.02577135677376454,0.5307275600000001,0.7059378995174248,0.05445419475460074,0.56044,0.5144,0.5253298611337359,144.4516939163208,10250.0,250.0,9.0,44.0,,,25.0,15.0,,0.000953125587787324,0.013392651940821858,0.10243606040457458,0.0030559536917318894,0.12816882616299485,0.11941859151740154,0.01380113225471561,0.885755701991182,0.0,0.0,0.0,1.5811388300841898,,,0.0,0.0,
agra1,ILOF,0.027698184124743806,0.532486,0.9025033647375504,0.059220779220779216,0.8382,0.22800000000000004,0.43716083996625316,48.55990490913391,10250.0,250.0,9.0,44.0,,,,,,0.0,0.0,0.0,0.0,0.0,0.0,0.0,2.3141667273891007,0.0,0.0,0.0,1.5811388300841898,,,,,
agra1,LODA,0.025088530230166488,0.5134595208070618,0.5501675955539607,0.05160777917745907,0.4566358974358974,0.5901639344262295,0.3969051793490361,570.6584279537201,10250.0,250.0,9.0,44.0,,,,,256.0,0.001179253355586219,0.01530547735446377,0.36700313239311777,0.0020740776951377743,0.35573822937231436,0.35130147320201327,0.12279855658730596,6.449976423636006,0.0,0.0,0.0,1.5811388300841898,,,,,0.0
agra1,PW-AE,0.02426530454079803,0.49122464,0.3027592128635516,0.04973226564303015,0.2353,0.788,0.2844068739486277,10.02304744720459,10250.0,250.0,9.0,44.0,0.1,,,,,0.0017359543595939523,0.010302246895119532,0.3645624976201976,0.0036158949736084527,0.3213238708841906,0.2992524018282894,0.18591910220163438,0.44354855757181944,0.0,0.0,0.0,1.5811388300841898,0.0,,,,
agra1,RRCF,0.02252875323359068,0.47531471999999997,0.10369896022746565,0.04826147455621198,0.05582,0.9583999999999999,0.216517628265255,1437.9587869644165,10250.0,250.0,9.0,44.0,,,,,,0.0004879736345299108,0.006904678225087684,0.06710703861260903,0.0003893189902165614,0.03734329926506227,0.030278705388440873,0.08455794352387043,17.422964513026855,0.0,0.0,0.0,1.5811388300841898,,,,,
agra1,xStream,0.022786791678625212,0.4885642,0.41389092710977027,0.05001041353822362,0.27277999999999997,0.7696,0.4393141280841846,42.16208033561706,10250.0,250.0,9.0,44.0,,,,,,0.000747554623619839,0.013751744133018221,0.15854458698373494,0.0014696254837200742,0.12666130821999272,0.11615851238716862,0.08118048461324183,2.133534584338316,0.0,0.0,0.0,1.5811388300841898,,,,,
agra10,AE,0.03136653585757711,0.6008078792,0.7485104847894055,0.06560780110007662,0.639108,0.48928000000000005,0.5175594382331319,61.28711676597595,102500.0,2500.0,9.0,44.0,0.02,0.1,,,,0.00582005684654754,0.0686618644692744,0.21261877309496247,0.008821274344947422,0.2416649915068378,0.21823059363893046,0.06572322930103348,2.0684688079156586,0.0,0.0,0.0,1.5811388300841898,0.0,0.0,,,
agra10,DAE,0.03512659369997444,0.6494093136,0.7426286012032822,0.07188076867422902,0.599312,0.6248,0.6094551426431691,103.99999446868897,102500.0,2500.0,9.0,44.0,0.02,,,,,0.0041191083817462785,0.03399078685156724,0.062385210762963696,0.007684025891030732,0.07838083005429324,0.0429203914241238,0.021212246044278994,1.0889658258961619,0.0,0.0,0.0,1.5811388300841898,0.0,,,,
agra10,HST,0.025345594464904482,0.5171125736,0.41283389794065933,0.05763114399578937,0.317454,0.79088,0.37242850523882026,1014.1697054862976,102500.0,2500.0,9.0,44.0,,,25.0,15.0,,0.007902848301008248,0.12581275999161337,0.37007254062737815,0.009962698137530658,0.29669246911574954,0.20246212485302037,0.28415863985980183,10.616874370660263,0.0,0.0,0.0,1.5811388300841898,,,0.0,0.0,
agra10,ILOF,0.0366541785857989,0.6259787944,0.8966212054119855,0.0735694293544926,0.826778,0.3028,0.5003482571155164,392.12984070777895,102500.0,2500.0,9.0,44.0,,,,,,8.688791596845705e-08,1.6255721454218798e-06,2.6756613316043695e-06,1.5987156833729347e-06,4.472135954980261e-06,0.0,1.3532226851023544e-06,6.940918153841023,0.0,0.0,0.0,1.5811388300841898,,,,,
agra10,LODA,0.02741462670472202,0.5526835838593999,0.6799637871549278,0.05483670151113258,0.5210020851712247,0.5685393258426966,0.543793186878437,4819.210020828247,102500.0,2500.0,9.0,44.0,,,,,256.0,0.0004317415753428501,0.005236901144313604,0.021546083281697544,0.0006606626500518614,0.025425991027707297,0.024808966124299715,0.002772152565630369,22.43095615746915,0.0,0.0,0.0,1.5811388300841898,,,,,0.0
agra10,PW-AE,0.03134891942360304,0.6146156288,0.7205084965391746,0.06515282075923458,0.576572,0.59232,0.5750319796853848,105.2673273563385,102500.0,2500.0,9.0,44.0,0.1,,,,,0.0036226617694876994,0.0373560060434069,0.09947711906598708,0.0075259278966950125,0.12134610385175122,0.11381261792964785,0.02054507054950264,0.4044951517810547,0.0,0.0,0.0,1.5811388300841898,0.0,,,,
agra10,RRCF,0.027333410737206583,0.5654119736000001,0.5512873697355144,0.056638871005230476,0.384244,0.74568,0.533795411341201,11662.434035539627,102500.0,2500.0,9.0,44.0,,,,,,0.001135556750849966,0.017268368200757313,0.04926217254384366,0.0020564519708172937,0.0466028854256901,0.03465071427835219,0.023228248725364754,39.61463157698794,0.0,0.0,0.0,1.5811388300841898,,,,,
agra10,xStream,0.050291471330129,0.7080099588000001,0.9084356718330151,0.1052229804827953,0.8486039999999999,0.38048000000000004,0.552835885457122,415.26610527038576,102500.0,2500.0,9.0,44.0,,,,,,0.009509132861045223,0.06490297660281995,0.05181301460615917,0.017568363432647133,0.08838060833689707,0.1549251173954695,0.09612774151383,3.4409739969364916,0.0,0.0,0.0,1.5811388300841898,,,,,
agra2,AE,0.009008447723661422,0.469525184,0.32390348845495,0.019994009127254884,0.272348,0.7376,0.21470960518109447,38.0696879863739,50500.0,500.0,9.0,44.0,0.02,0.1,,,,0.0006951450616753332,0.02668350264343271,0.43957057481900785,0.0006573647489472485,0.3710129274297595,0.35964260036875495,0.24511297763219955,0.8239409694695673,0.0,0.0,0.0,1.5811388300841898,0.0,0.0,,,
agra2,DAE,0.010414679558944314,0.508184872,0.9539042689620478,0.022501371823223273,0.9243079999999999,0.0936,0.2609930790785078,60.40534210205078,50500.0,500.0,9.0,44.0,0.02,,,,,0.00023155620502548544,0.009862306419064446,0.05557605410139322,0.0011260748623943245,0.09717067006046629,0.10073132581277784,0.11493918322921809,4.32817323748882,0.0,0.0,0.0,1.5811388300841898,0.0,,,,
agra2,HST,0.009997211319236886,0.516716208,0.6539912913104395,0.021324539444884,0.488772,0.5624,0.5227090149732603,580.3411280155182,50500.0,500.0,9.0,44.0,,,25.0,15.0,,0.0005061200294198948,0.0163972946953429,0.03424388461567919,0.000980053872125596,0.037390085851733514,0.05680492936356844,0.01166263615590022,8.15788563226741,0.0,0.0,0.0,1.5811388300841898,,,0.0,0.0,
agra2,ILOF,0.011295721053163989,0.52575248,0.9722937816289751,0.02508061626657112,0.95488,0.07,0.2585374247570359,224.13057522773744,50500.0,500.0,9.0,44.0,,,,,,0.0,0.0,0.0,0.0,0.0,0.0,0.0,3.8712239241860176,0.0,0.0,0.0,1.5811388300841898,,,,,
agra2,LODA,0.009794144241269192,0.49939087755888095,0.5925855799820126,0.020674978107942173,0.4797804981004644,0.5397979797979798,0.39803527457362947,4025.1882654190063,50500.0,500.0,9.0,44.0,,,,,256.0,0.0005364751868053913,0.012278054131082766,0.29452916424394904,0.0013423506884532933,0.3385659444475287,0.33820860833027167,0.10577450895809792,12.981200168324047,0.0,0.0,0.0,1.5811388300841898,,,,,0.0
agra2,PW-AE,0.01157061194033204,0.554811776,0.896021901187234,0.025006602744728174,0.8183960000000001,0.2432,0.44286743803523576,65.4541310787201,50500.0,500.0,9.0,44.0,0.1,,,,,0.0005090453324483012,0.013442754387121727,0.022390750587803574,0.0012573855814018672,0.03791623240776968,0.052831808600501275,0.041086255732705905,2.434229060434066,0.0,0.0,0.0,1.5811388300841898,0.0,,,,
agra2,RRCF,0.010882682418040895,0.529622912,0.8520874078209537,0.023365437812039085,0.7619480000000001,0.2852,0.4194737812716385,6662.141290712357,50500.0,500.0,9.0,44.0,,,,,,0.00033980125325399577,0.005945390173463819,0.11568425794965856,0.0016366471589940308,0.17647724306550125,0.19630894019376702,0.13068513125865533,11.02657895646683,0.0,0.0,0.0,1.5811388300841898,,,,,
agra2,xStream,0.009666290347648885,0.49706389599999995,0.7141040399850928,0.020667497970002002,0.610032,0.40920000000000006,0.41410354898943413,262.1598133087158,50500.0,500.0,9.0,44.0,,,,,,0.00024882145153241615,0.007829968795204765,0.2745452884658402,0.0009061128805567848,0.3015729658308251,0.2998552984357622,0.08530283344030332,9.624265194163758,0.0,0.0,0.0,1.5811388300841898,,,,,
agra3,AE,0.006789996239132026,0.47079419466666667,0.033715031403312404,0.014867919050333528,0.017312,0.9888,0.12238061475504551,101.96652359962464,100750.0,750.0,9.0,44.0,0.02,0.1,,,,0.0003338145402494812,0.016589118888207275,0.027631838443295677,3.941791508087602e-05,0.014492243442614398,0.012947758278730898,0.049910367145060704,2.3163868905885163,0.0,0.0,0.0,1.5811388300841898,0.0,0.0,,,
agra3,DAE,0.008240372760380367,0.5181881173333334,0.9449280282966539,0.018528535058414706,0.904776,0.12373333333333333,0.30337885619112803,159.65081224441528,100750.0,750.0,9.0,44.0,0.02,,,,,0.0002442988431014192,0.006034360382155257,0.04922658521016363,0.0010431695725595875,0.08732212279829209,0.09964113385322125,0.12728333363093364,3.805743926137857,0.0,0.0,0.0,1.5811388300841898,0.0,,,,
agra3,HST,0.008311887658973928,0.5379757026666667,0.8647799901080571,0.018491086609560815,0.794092,0.24533333333333332,0.37183178246588033,1078.566133737564,100750.0,750.0,9.0,44.0,,,25.0,15.0,,0.0005431060269088864,0.020270864832537143,0.16936989258728086,0.0021703082394048784,0.2334190952343017,0.24819526363105499,0.11305871749659327,16.825394311875726,0.0,0.0,0.0,1.5811388300841898,,,0.0,0.0,
agra3,ILOF,0.008074533707699758,0.5311214266666666,0.9453312866400875,0.017697448931563584,0.90221,0.12533333333333332,0.3362692175425319,433.3577712059021,100750.0,750.0,9.0,44.0,,,,,,0.0,0.0,0.0,0.0,0.0,0.0,0.0,4.183849052930725,0.0,0.0,0.0,1.5811388300841898,,,,,
agra3,LODA,0.007929659532419626,0.5154771181867568,0.9621195573591633,0.01696561272684452,0.9338292646247932,0.08384512683578105,0.27365682037431993,5350.946786355972,100750.0,750.0,9.0,44.0,,,,,256.0,0.00022201198998032893,0.010522060962728529,0.01756390753021071,0.0003245687672212919,0.032794763435321825,0.03672654285903047,0.05529800465131965,19.726776662089758,0.0,0.0,0.0,1.5811388300841898,,,,,0.0
agra3,PW-AE,0.009728563355961882,0.5793158666666667,0.8809272650365829,0.021242264809437254,0.792508,0.3061333333333333,0.488527869688573,180.07363319396973,100750.0,750.0,9.0,44.0,0.1,,,,,0.000530772033564943,0.010897275652838923,0.03235478069358097,0.001206532685472774,0.05215787735328194,0.06739337257228388,0.03933680217384421,1.5563459466166103,0.0,0.0,0.0,1.5811388300841898,0.0,,,,
agra3,RRCF,0.008076661881120868,0.5140239600000001,0.919583047140083,0.017031899227810943,0.85897,0.16933333333333334,0.36572807070821095,17140.598154115676,100750.0,750.0,9.0,44.0,,,,,,0.0002121091378835645,0.011471105225205355,0.044051425625907276,0.0004787064689950927,0.0769437115689125,0.08675380235022685,0.08921477570108913,94.92487627320027,0.0,0.0,0.0,1.5811388300841898,,,,,
agra3,xStream,0.007366077215995371,0.5010001653333334,0.6625416941679534,0.015785063543937543,0.5270239999999999,0.5,0.4504769066625796,765.8262583255768,100750.0,750.0,9.0,44.0,,,,,,0.000162742886322072,0.002800367520766581,0.19815386033470134,0.0007138954993532166,0.25195018342918507,0.2550938824999316,0.10718634414564458,4.357797746207211,0.0,0.0,0.0,1.5811388300841898,,,,,
agra4,AE,0.009074338511958904,0.47187348399999995,0.16403130619635356,0.019746906373282008,0.10886,0.8981999999999999,0.2245967816987598,64.69684720039368,101000.0,1000.0,9.0,44.0,0.02,0.1,,,,0.00040808771574309225,0.015258877442732504,0.24616619964795644,9.034391401921386e-05,0.1795451317914245,0.17702598679290002,0.16550029324203488,1.7712114879861491,0.0,0.0,0.0,1.5811388300841898,0.0,0.0,,,
agra4,DAE,0.011114770560864889,0.533966736,0.8916851262991481,0.024149037086306592,0.8119479999999999,0.23979999999999996,0.43702914335831744,110.97098426818847,101000.0,1000.0,9.0,44.0,0.02,,,,,0.00018053714311853778,0.005145422848506202,0.03263750934099799,0.0011502697969234532,0.05424443538281135,0.056335601532246,0.040171100549635796,4.304732593753627,0.0,0.0,0.0,1.5811388300841898,0.0,,,,
agra4,HST,0.011357337579340312,0.549924428,0.758397417163141,0.023494458820166077,0.6355500000000001,0.4224,0.4646755637899448,1065.5059378623962,101000.0,1000.0,9.0,44.0,,,25.0,15.0,,0.0012947290677217205,0.037160571590250505,0.15121463216297976,0.002871838142110157,0.2160550109347154,0.23323550330084827,0.1252925497410808,11.054409703472126,0.0,0.0,0.0,1.5811388300841898,,,0.0,0.0,
agra4,ILOF,0.01142964557626793,0.53672488,0.8979435613951632,0.023337344984563867,0.82112,0.223,0.42791326223897286,432.9571497440338,101000.0,1000.0,9.0,44.0,,,,,,0.0,0.0,0.0,0.0,0.0,0.0,0.0,4.431961532579799,0.0,0.0,0.0,1.5811388300841898,,,,,
agra4,LODA,0.01039917758287687,0.5138317197424946,0.8728282172856059,0.0212872977706095,0.792372626471237,0.2336673346693387,0.38751655781099104,5248.607097291946,101000.0,1000.0,9.0,44.0,,,,,256.0,0.00015655064670867284,0.006535446248087792,0.10378655954376532,0.000689127956060377,0.16247054524992116,0.17341386676754642,0.12477335110978728,19.59997523435163,0.0,0.0,0.0,1.5811388300841898,,,,,0.0
agra4,PW-AE,0.012483205994397804,0.583640054,0.8569274862539349,0.02779686613612235,0.75556,0.3594,0.5169810760931082,115.98201627731324,101000.0,1000.0,9.0,44.0,0.1,,,,,0.0002461625642737246,0.0090208873801489,0.03124114099807484,0.0017737021629173632,0.0490199561403312,0.07635312698246222,0.04210286453455192,0.7254664737219791,0.0,0.0,0.0,1.5811388300841898,0.0,,,,
agra4,RRCF,0.011748573789934009,0.5592509339999999,0.9060765772321313,0.02569111101671636,0.835722,0.227,0.4302276579165043,12885.505876350402,101000.0,1000.0,9.0,44.0,,,,,,0.00024319283477121695,0.008170658443413838,0.028687471264175136,0.00047583238524640203,0.048840172706492324,0.06476495966184183,0.05108784546836127,63.25308161840184,0.0,0.0,0.0,1.5811388300841898,,,,,
agra4,xStream,0.009942931182858527,0.511062002,0.6984282340088603,0.020650558987938196,0.556898,0.4718,0.48476226889992624,477.6252844810486,101000.0,1000.0,9.0,44.0,,,,,,0.00022837591889387948,0.005482412903562159,0.15621070615325527,0.0002196506066988531,0.18094083375512565,0.18568979508847544,0.03314624132152078,3.1933628136525747,0.0,0.0,0.0,1.5811388300841898,,,,,
agra5,AE,0.01145627959496446,0.4769690912,0.17508006133730267,0.024514953131902432,0.151542,0.85232,0.13525620056502818,68.21069116592408,101250.0,1250.0,9.0,44.0,0.02,0.1,,,,0.00048572254020662906,0.012374929959017122,0.37680036842924797,0.00022246405421355857,0.3314859416626895,0.3253033538099477,0.175362043387077,0.8898295555590908,0.0,0.0,0.0,1.5811388300841898,0.0,0.0,,,
agra5,DAE,0.013455779305311647,0.5218989424,0.8735566674698865,0.028796128918224095,0.783488,0.26768000000000003,0.4547304686121791,110.44203553199767,101250.0,1250.0,9.0,44.0,0.02,,,,,0.00023405898803786546,0.005019278235687411,0.027513928835858268,0.001171363869838641,0.04485059665154971,0.05462482951918476,0.0358356965145782,3.6571809983778367,0.0,0.0,0.0,1.5811388300841898,0.0,,,,
agra5,HST,0.013194471760476067,0.5317747472000001,0.7367276653283765,0.027713199865507167,0.597866,0.46815999999999997,0.5089867244329384,1148.0793707370758,101250.0,1250.0,9.0,44.0,,,25.0,15.0,,0.0005007054068326532,0.02255123317161548,0.11567924208832889,0.001947171714702331,0.1456490200104347,0.16852147637615802,0.043342161214977346,8.407705965540712,0.0,0.0,0.0,1.5811388300841898,,,0.0,0.0,
agra5,ILOF,0.013538511824950616,0.52275516,0.9432445429455549,0.029495888451912766,0.90227,0.132,0.3451081569595248,480.7276917457581,101250.0,1250.0,9.0,44.0,,,,,,0.0,0.0,0.0,0.0,0.0,0.0,0.0,5.037107992651563,0.0,0.0,0.0,1.5811388300841898,,,,,
agra5,LODA,0.012743360806915644,0.5105666529668222,0.8312510152285247,0.02565504154342204,0.7195228070175439,0.3054662379421222,0.4629457534002275,6716.570536184311,101250.0,1250.0,9.0,44.0,,,,,256.0,0.00027706970106393744,0.007358702981312593,0.044442729068254395,0.0006481083892569369,0.06915744790548771,0.07326807724645036,0.04252299329416324,43.32498349918035,0.0,0.0,0.0,1.5811388300841898,,,,,0.0
agra5,PW-AE,0.014629637280234661,0.5476667536,0.8944893351587933,0.032181609425537966,0.816826,0.25728,0.4566698536401258,120.02420315742492,101250.0,1250.0,9.0,44.0,0.1,,,,,0.0005664854129131475,0.012259419964426222,0.01250208859424144,0.0022967408657474653,0.02107870086129604,0.04360770574107289,0.033436566366517984,1.2639636099308889,0.0,0.0,0.0,1.5811388300841898,0.0,,,,
agra5,RRCF,0.013101417959658052,0.5131498144,0.9180706949054963,0.02785760608295823,0.8584160000000001,0.17343999999999998,0.37992925793442006,12792.598281812669,101250.0,1250.0,9.0,44.0,,,,,,0.00026832687158098283,0.007760543543560678,0.028841466820388763,0.000813805666931957,0.0508533335190526,0.055446983687122246,0.05353750747607825,74.9444078618261,0.0,0.0,0.0,1.5811388300841898,,,,,
agra5,xStream,0.012766811273654638,0.5137223568,0.7437371158160163,0.026118797203816158,0.6231,0.40847999999999995,0.45788900366093976,467.23106927871703,101250.0,1250.0,9.0,44.0,,,,,,0.00015745287191022613,0.0036923605509434263,0.1812894742880606,0.0005599511855525255,0.228703917106813,0.23395493583166824,0.050826463658117334,4.9190759126567105,0.0,0.0,0.0,1.5811388300841898,,,,,
agra6,AE,0.1560779284508725,0.5715004266666666,0.4232488596184326,0.26998344459312523,0.34290000000000004,0.7904,0.40297694550021124,10.105508947372437,11500.0,1500.0,9.0,44.0,0.02,0.1,,,,0.045835208016692205,0.11445455935543059,0.3663683437193674,0.04679400020926652,0.3284078637913532,0.1973606963010732,0.2676154767774398,0.5439447092553126,0.0,0.0,0.0,1.5811388300841898,0.0,0.0,,,
agra6,DAE,0.12662758145588232,0.50750188,0.207227309395716,0.23722349296252263,0.12736,0.9157333333333334,0.29508510122719017,18.445704889297485,11500.0,1500.0,9.0,44.0,0.02,,,,,0.013643340119755692,0.041978920085929926,0.17854431384413738,0.004666271393824727,0.11681054318853243,0.08582488631574826,0.16414555164702752,0.8768883344592148,0.0,0.0,0.0,1.5811388300841898,0.0,,,,
agra6,HST,0.10376780965478116,0.4102905266666667,0.12318150067670568,0.23679093110247823,0.08222,0.9496,0.15151714823288986,172.5044496536255,11500.0,1500.0,9.0,44.0,,,25.0,15.0,,0.01839303603212671,0.08873955365964492,0.22305239725866186,0.012516850579261574,0.1555290069408276,0.09260861491003715,0.23345690303040711,4.540662470645067,0.0,0.0,0.0,1.5811388300841898,,,0.0,0.0,
agra6,ILOF,0.1031803716345687,0.4074499266666667,0.0001999800019998,0.23078698361412414,0.0001,1.0,0.01,66.73610277175904,11500.0,1500.0,9.0,44.0,,,,,,2.156594594959079e-07,1.1329411085683399e-06,0.0,0.0,0.0,0.0,0.0,1.4574941826560142,0.0,0.0,0.0,1.5811388300841898,,,,,
agra6,LODA,0.10438092090156578,0.41323269297662746,0.0016742090248426874,0.23105629775410633,0.0008387888707037643,0.9997275204359672,0.025065478795644525,819.9536618232727,11500.0,1500.0,9.0,44.0,,,,,256.0,0.0010063922281733834,0.005910955537615731,0.0020868323518137407,7.12166501990149e-05,0.0010466757154080591,0.0006092828276566031,0.016193593013800352,2.5430379794347933,0.0,0.0,0.0,1.5811388300841898,,,,,0.0
agra6,PW-AE,0.11643482728856169,0.47172822666666664,0.12371800413290679,0.23452528108995602,0.06961999999999999,0.9564,0.23404367819232727,16.496095991134645,11500.0,1500.0,9.0,44.0,0.1,,,,,0.010432654690383503,0.04006251664499151,0.10626668590114269,0.0020321460606431904,0.06448416084590075,0.04936170355425121,0.10766945964118425,0.9245116194240673,0.0,0.0,0.0,1.5811388300841898,0.0,,,,
agra6,RRCF,0.10924385122721705,0.40121148,0.02248762869672754,0.2314674257459873,0.011519999999999999,0.9933333333333334,0.09324977078760135,1894.661508703232,11500.0,1500.0,9.0,44.0,,,,,,0.00305892036891438,0.021990691628424177,0.02458867012041595,0.0009364583618442326,0.012736836341886472,0.007023769168568508,0.057854417665447945,6.7360865897071935,0.0,0.0,0.0,1.5811388300841898,,,,,
agra6,xStream,0.15383029061335332,0.5845335066666667,0.44621532409517445,0.2710151883222486,0.31938,0.8525333333333333,0.47161957943924476,74.40944356918335,11500.0,1500.0,9.0,44.0,,,,,,0.019600763858527787,0.06935788577204065,0.2507940647408092,0.03112767732513786,0.1881044709729144,0.10188599293109707,0.21470518242915637,2.4995731421901373,0.0,0.0,0.0,1.5811388300841898,,,,,
agra7,AE,0.046452185279526007,0.6201616685714286,0.7453070099379472,0.09289851187867537,0.626752,0.5257142857142857,0.5491249137366394,42.14248075485229,51750.0,1750.0,9.0,44.0,0.02,0.1,,,,0.011706126339022915,0.08042234874291279,0.17072070489409755,0.020941858839790474,0.20550150101641593,0.16793195901061495,0.04494270121121283,1.182875928529135,0.0,0.0,0.0,1.5811388300841898,0.0,0.0,,,
agra7,DAE,0.049744779788560914,0.6493940617142857,0.7668830105833739,0.09581923787236783,0.645564,0.5363428571428571,0.5639030465105754,73.9568325996399,51750.0,1750.0,9.0,44.0,0.02,,,,,0.007662914125709891,0.041200863828704824,0.11863405629193884,0.012163394674635028,0.17021276062622334,0.1924427717742687,0.05830247322713322,2.347895269504575,0.0,0.0,0.0,1.5811388300841898,0.0,,,,
agra7,HST,0.0344012558522865,0.5234363291428571,0.4251969111540461,0.07353958951231568,0.303616,0.7806857142857143,0.4359718607121888,678.5321981430054,51750.0,1750.0,9.0,44.0,,,25.0,15.0,,0.006273424043982066,0.06247186520442107,0.2600873888044265,0.00640832975536549,0.23209616817173007,0.1935082764669886,0.11820664462685578,11.364838175080866,0.0,0.0,0.0,1.5811388300841898,,,0.0,0.0,
agra7,ILOF,0.051262862662998156,0.6251087234285715,0.8745392731793726,0.09578939021489176,0.79486,0.34514285714285714,0.523775000767096,256.81825280189514,51750.0,1750.0,9.0,44.0,,,,,,1.3182603449084775e-07,1.1550888294662103e-06,0.0,0.0,0.0,0.0,0.0,10.623149143567694,0.0,0.0,0.0,1.5811388300841898,,,,,
agra7,LODA,0.03691655342008556,0.5464002514086926,0.5278334463347971,0.07318074448071017,0.3666291502532358,0.7254315304948216,0.5087520988411216,3463.853303527832,51750.0,1750.0,9.0,44.0,,,,,256.0,0.0006849967228526798,0.00563762063298201,0.089473805643423,0.0011333367268169007,0.09241626088460904,0.09161410360074917,0.021456168008993023,26.272204496269634,0.0,0.0,0.0,1.5811388300841898,,,,,0.0
agra7,PW-AE,0.04841927126882355,0.655282,0.6550937832097428,0.09819470904683544,0.49673999999999996,0.7774857142857143,0.6171911553389877,72.22484650611878,51750.0,1750.0,9.0,44.0,0.1,,,,,0.007409716252927494,0.05428236050985263,0.09565951406911025,0.015454313794764899,0.1019786369785358,0.06020454928908645,0.060811829792635115,4.381580844554089,0.0,0.0,0.0,1.5811388300841898,0.0,,,,
agra7,RRCF,0.04014559278392405,0.5839368411428572,0.5558704611922661,0.08023443505734185,0.391728,0.7645714285714286,0.5428688961292186,8692.271296310424,51750.0,1750.0,9.0,44.0,,,,,,0.0024305529945767733,0.021696489815808535,0.08043513718077289,0.004791934666575189,0.07957582999881307,0.06537802164554776,0.03491101777607788,61.37795486043368,0.0,0.0,0.0,1.5811388300841898,,,,,
agra7,xStream,0.07346091010249764,0.7332419382857143,0.9113832100788677,0.14367702308955133,0.856736,0.39862857142857144,0.5691441445113546,363.3654272556305,51750.0,1750.0,9.0,44.0,,,,,,0.01424139491674516,0.0676815694417707,0.03633260812234793,0.022761166441939436,0.06686863749172699,0.16756094230982085,0.10914830619969387,2.874300034411628,0.0,0.0,0.0,1.5811388300841898,,,,,
agra8,AE,0.029092855430436382,0.635063744,0.8053458653606704,0.060578327015247735,0.724074,0.40540000000000004,0.4870595519444715,82.01913886070251,102000.0,2000.0,9.0,44.0,0.02,0.1,,,,0.006345332708191803,0.07333207874283193,0.22893997217937798,0.011051015142597806,0.2691510982329443,0.24864065435885577,0.06761191518189237,2.9405747853073185,0.0,0.0,0.0,1.5811388300841898,0.0,0.0,,,
agra8,DAE,0.03575454524276965,0.7215717500000001,0.8204428399974859,0.0733196835415612,0.70375,0.5871999999999999,0.6402294286119867,127.42206058502197,102000.0,2000.0,9.0,44.0,0.02,,,,,0.0058353372304260475,0.0430663976718997,0.049562325086623525,0.010472638366931124,0.07208104743967025,0.06487064050863071,0.02288893671539495,5.911258055884508,0.0,0.0,0.0,1.5811388300841898,0.0,,,,
agra8,HST,0.027219483816781458,0.6133757,0.7696992094208263,0.05771509810509494,0.6695019999999999,0.477,0.5174991150473518,1088.3137310981751,102000.0,2000.0,9.0,44.0,,,25.0,15.0,,0.010171162730708923,0.10568229139804584,0.22437466949682475,0.017880731564411216,0.25211042842373654,0.2408482405997602,0.09060869801795908,10.712165887089554,0.0,0.0,0.0,1.5811388300841898,,,0.0,0.0,
agra8,ILOF,0.038070684879155256,0.67756529,0.9262464732442975,0.07648969311327633,0.8749,0.2885,0.5024028761860346,418.5800524711609,102000.0,2000.0,9.0,44.0,,,,,,1.036550031898145e-07,1.6911941047790505e-06,0.0,0.0,0.0,0.0,0.0,2.6831157553496094,0.0,0.0,0.0,1.5811388300841898,,,,,
agra8,LODA,0.02415649132827325,0.5774967395860349,0.840450191823264,0.04873007036390209,0.7342121883489889,0.3572503763171099,0.5118476637048623,4997.942734718323,102000.0,2000.0,9.0,44.0,,,,,256.0,0.00047878241477288794,0.004379639202541472,0.00944285793525151,0.0009933374439038082,0.014492508101610546,0.020727448635960707,0.010365286921293295,22.353207873679168,0.0,0.0,0.0,1.5811388300841898,,,,,0.0
agra8,PW-AE,0.03483409257895527,0.720254672,0.7973738701307405,0.07555674157974131,0.6699360000000001,0.666,0.6669570948243517,144.25674347877504,102000.0,2000.0,9.0,44.0,0.1,,,,,0.006804573308554971,0.05483020718147503,0.052005877411293644,0.014973881699742576,0.07164110154094507,0.033235899265703646,0.03858758970609565,3.215720973760085,0.0,0.0,0.0,1.5811388300841898,0.0,,,,
agra8,RRCF,0.02550689529289405,0.6107185580000001,0.7108791151132651,0.0512698160345631,0.56117,0.5947,0.5711509650641857,13915.037520503998,102000.0,2000.0,9.0,44.0,,,,,,0.0027213141947577115,0.030292696915363418,0.08158592401467189,0.004813616857573329,0.10214542965791469,0.09388197377558695,0.015936989452581558,23.06309122483196,0.0,0.0,0.0,1.5811388300841898,,,,,
agra8,xStream,0.04962961513128683,0.74936687,0.9432847254484228,0.10747388890236124,0.906222,0.3083,0.5193069931117209,602.9868116855621,102000.0,2000.0,9.0,44.0,,,,,,0.010531705972479518,0.0662696645377932,0.028906679134485316,0.01816681424228655,0.053672637069553476,0.10894643179104126,0.08337296403258605,8.43961652269028,0.0,0.0,0.0,1.5811388300841898,,,,,
agra9,AE,0.031164062561927924,0.6318438044444445,0.7921250570629013,0.06519494209268041,0.694268,0.4488888888888889,0.5214304825161863,64.27862620353699,102250.0,2250.0,9.0,44.0,0.02,0.1,,,,0.006215161364421776,0.06862227138694045,0.19445955975608503,0.010376428606306906,0.2314282410813339,0.20770325460933117,0.04675414884507085,2.030729401962695,0.0,0.0,0.0,1.5811388300841898,0.0,0.0,,,
agra9,DAE,0.038777807599127745,0.7115631164444445,0.7977131208303535,0.07787628995270972,0.67186,0.6167111111111112,0.6415341481767454,104.27119283676147,102250.0,2250.0,9.0,44.0,0.02,,,,,0.006000224264503916,0.04354933024988009,0.053158621855500604,0.011563221988037777,0.07385567039841968,0.055310213822461554,0.026474742964440905,2.6508013762988565,0.0,0.0,0.0,1.5811388300841898,0.0,,,,
agra9,HST,0.022808670346117627,0.532028448,0.40900977877896594,0.05140296076792554,0.272472,0.8564444444444443,0.4622572482309562,995.0053670406342,102250.0,2250.0,9.0,44.0,,,25.0,15.0,,0.005030992106807616,0.08767078635257608,0.18717958931858605,0.009018224653332347,0.15414672967662985,0.07174027227901124,0.1257229140928007,4.2600287872395,0.0,0.0,0.0,1.5811388300841898,,,0.0,0.0,
agra9,ILOF,0.03776350402634753,0.6612580648888888,0.921706844882913,0.07541497024741622,0.86887,0.26755555555555555,0.4821524609037639,378.7621376991272,102250.0,2250.0,9.0,44.0,,,,,,2.5518916002198704e-07,1.5771660786035591e-06,0.0,0.0,0.0,0.0,0.0,6.858831674522304,0.0,0.0,0.0,1.5811388300841898,,,,,
agra9,LODA,0.025766298739354633,0.5685180660701142,0.7264475489631859,0.05191233140616287,0.5805736283345531,0.5229603209986624,0.5434652264149726,4632.776984405517,102250.0,2250.0,9.0,44.0,,,,,256.0,0.0004607343634982509,0.004725651595375662,0.06809327018613287,0.0010389685595666848,0.09223798944605743,0.1057368088336541,0.02502096705725759,30.860403996195252,0.0,0.0,0.0,1.5811388300841898,,,,,0.0
agra9,PW-AE,0.0369582073365071,0.7035428551111111,0.7725328387179047,0.07904670856249776,0.638738,0.6728888888888889,0.6527057368147655,112.1428099155426,102250.0,2250.0,9.0,44.0,0.1,,,,,0.0075527934526083175,0.05708522657799923,0.0739491785275554,0.017620317907090406,0.09757990812662205,0.04941134972333258,0.041249400941518535,1.879197933865331,0.0,0.0,0.0,1.5811388300841898,0.0,,,,
agra9,RRCF,0.029653262426297948,0.6193257315555556,0.7100592064244914,0.05789710636064036,0.567086,0.5939555555555556,0.5616707706159165,11428.47531929016,102250.0,2250.0,9.0,44.0,,,,,,0.002116283488633103,0.021232053839129638,0.11913729288575699,0.0038241213944929828,0.15320608450711085,0.17172633986220387,0.023009626371679803,29.004777559054357,0.0,0.0,0.0,1.5811388300841898,,,,,
agra9,xStream,0.05356473411388183,0.7490893995555555,0.9156468856803697,0.11196095214155508,0.859426,0.4106666666666666,0.5750578708055879,451.1758664608002,102250.0,2250.0,9.0,44.0,,,,,,0.011502093897039179,0.06813027020422198,0.053683679453616746,0.01900229623490803,0.09273919791544452,0.179960763899273,0.11208799557892866,8.38318143410148,0.0,0.0,0.0,1.5811388300841898,,,,,
hyper1,AE,0.05322346382016988,0.5288033221277437,0.7138794027077549,0.10105458608563897,0.6308878781886494,0.43520000000000003,0.4484116291871144,4.825832366943359,5307.0,250.0,50.0,44.0,0.02,0.1,,,,0.006583495494888149,0.03567284787074795,0.3058841518011469,0.00798388282592269,0.3040744300807243,0.2746838182347115,0.09292488379499624,0.43272291058183876,0.0,0.0,0.0,1.5811388300841898,0.0,0.0,,,
hyper1,DAE,0.0466590519737435,0.49274542218706746,0.34699865878133984,0.09147859108014766,0.25999604508601937,0.7624,0.33392406198434,7.537025260925293,5307.0,250.0,50.0,44.0,0.02,,,,,0.0029859965148976274,0.013587148666108046,0.3370500288040087,0.002170222868329486,0.2795442829591081,0.2624286569717568,0.18732278767234473,0.5736273760632489,0.0,0.0,0.0,1.5811388300841898,0.0,,,,
hyper1,HST,0.058272504989919385,0.5481771010480523,0.8785554486213678,0.11130537843772972,0.8163337947399644,0.27759999999999996,0.46012166808731403,101.43116555213928,5307.0,250.0,50.0,44.0,,,25.0,15.0,,0.0056042380257331275,0.033957172127097236,0.06262926308176964,0.012552415331840164,0.104598446876814,0.12808122422900242,0.07523720262085616,8.299062581194567,0.0,0.0,0.0,1.5811388300841898,,,0.0,0.0,
hyper1,ILOF,0.06707252192823696,0.5899886889460155,0.9070639716607627,0.12204724409448817,0.8607870278821436,0.248,0.46203374651076257,27.30274181365967,5307.0,250.0,50.0,44.0,,,,,,2.3468302230393298e-08,3.5373826024974357e-07,0.0,0.0,0.0,0.0,0.0,1.1607012522019249,0.0,0.0,0.0,1.5811388300841898,,,,,
hyper1,LODA,0.05472102333938252,0.5416304232060578,0.7223529782533116,0.10232592972451438,0.6115520465406192,0.47478991596638653,0.4830540258518825,1460.4947736263275,5307.0,250.0,50.0,44.0,,,,,256.0,0.0036301218685885093,0.009394140109608089,0.191690589665963,0.0019783299955735637,0.2505128127430729,0.26550499626856433,0.06912251401472733,92.00778256998022,0.0,0.0,0.0,1.5811388300841898,,,,,0.0
hyper1,PW-AE,0.051532164709440144,0.5220760134467075,0.6985718350765338,0.09968658168471897,0.5981411904291082,0.46559999999999996,0.4638374033436519,8.134804296493531,5307.0,250.0,50.0,44.0,0.1,,,,,0.0037221153318565464,0.014180255858007402,0.2655603579011234,0.0056692479830629345,0.27925401589177007,0.25806355806273773,0.08495459869803566,0.7334567810208296,0.0,0.0,0.0,1.5811388300841898,0.0,,,,
hyper1,RRCF,0.0492736710727423,0.5226232153450663,0.5715940261407717,0.09872514688255897,0.42100059323709704,0.6576,0.5064485578435187,778.4155106544495,5307.0,250.0,50.0,44.0,,,,,,0.0031363657285757088,0.014151992894292795,0.15568828867365922,0.002042542172049961,0.15477211124420587,0.14871718125354583,0.04970884482127138,4.912607267187714,0.0,0.0,0.0,1.5811388300841898,,,,,
hyper1,xStream,0.04571487395405095,0.4977930789005339,0.18779120204215868,0.09243638071495838,0.10848329048843189,0.9208000000000001,0.2968217736997253,35.18289976119995,5307.0,250.0,50.0,44.0,,,,,,0.0001897037567181589,0.007493176275143777,0.12384706601426157,0.0024003858930754384,0.07872174070226823,0.05574226403726349,0.10198433237458845,2.2731830557455783,0.0,0.0,0.0,1.5811388300841898,,,,,
hyper2,AE,0.018910374183112453,0.4897488123278374,0.30972457291218636,0.039039944499918613,0.22914287995528762,0.7872,0.30794599861805694,30.979744911193848,25549.0,500.0,100.0,44.0,0.02,0.1,,,,0.00040686766338957157,0.00805265355528127,0.33801468070504725,0.00030063244516386574,0.27800369867413194,0.27287213122633097,0.1763130539024745,1.6365592025574935,0.0,0.0,0.0,1.5811388300841898,0.0,0.0,,,
hyper2,DAE,0.01917390411897241,0.4960478901353348,0.4035312832042995,0.03910171123865298,0.33829693800151706,0.6788000000000001,0.30755474268307553,93.88721814155579,25549.0,500.0,100.0,44.0,0.02,,,,,0.00037825943350853087,0.00634991557323065,0.41903027628139294,0.0004130619699899701,0.3921730596368341,0.38805824305122033,0.1289765502331897,31.72424566495208,0.0,0.0,0.0,1.5811388300841898,0.0,,,,
hyper2,HST,0.021074144291021068,0.5183248353227674,0.6980056359376494,0.0434154239928467,0.608822707493313,0.43079999999999996,0.4054857995841027,357.65304431915285,25549.0,500.0,100.0,44.0,,,25.0,15.0,,0.0017964080832785071,0.02337402153714183,0.31182354483769203,0.003877158257519793,0.34463529958502404,0.3304711787735808,0.09287158749486504,61.17199421454521,0.0,0.0,0.0,1.5811388300841898,,,0.0,0.0,
hyper2,ILOF,0.021764177908302297,0.5347925266477704,0.6951987609705731,0.04450558342773911,0.5375863307916484,0.55,0.543757741954454,161.2725935459137,25549.0,500.0,100.0,44.0,,,,,,2.167732979991618e-07,1.129157701190467e-07,0.0,0.0,0.0,0.0,0.0,2.808385758820223,0.0,0.0,0.0,1.5811388300841898,,,,,
hyper2,LODA,0.02061663243038451,0.5174412152246572,0.7719887657968462,0.04209924766110808,0.6736239364490504,0.36761133603238866,0.424285216721117,7088.363786172867,25549.0,500.0,100.0,44.0,,,,,256.0,0.0007713015504644108,0.010826196124340397,0.20547712388641381,0.0014402949675857083,0.2715494370884852,0.28231646226270296,0.08882740836064117,204.00299489729133,0.0,0.0,0.0,1.5811388300841898,,,,,0.0
hyper2,PW-AE,0.02004764449426024,0.5104534632121043,0.5855965556093334,0.040298918675200024,0.4465886861750968,0.5871999999999999,0.46526991707420234,47.03541851043701,25549.0,500.0,100.0,44.0,0.1,,,,,0.00043322282219217413,0.007147298276336555,0.21777347685582957,0.0008720195154006972,0.23408441972195776,0.23361763632054836,0.050301636142811954,1.8440263638262913,0.0,0.0,0.0,1.5811388300841898,0.0,,,,
hyper2,RRCF,0.019965832995924655,0.5117076929218731,0.4400099137963899,0.040827922461286956,0.28898558824703585,0.7615999999999999,0.45965854667564876,4565.072376298905,25549.0,500.0,100.0,44.0,,,,,,0.0005000109936477344,0.009605612560415791,0.11665237775085639,0.0010313545902657637,0.09197412031036388,0.07951603611850884,0.06150966910960034,25.117548528428685,0.0,0.0,0.0,1.5811388300841898,,,,,
hyper2,xStream,0.019947685495238725,0.5129384167032616,0.6133725766842806,0.04041332281563216,0.48718910934568244,0.5468,0.4547899653537851,239.16397318840026,25549.0,500.0,100.0,44.0,,,,,,0.0005294478757277495,0.011984068292481255,0.27363321622776715,0.0012117786020372859,0.25645158366060494,0.24959807691566857,0.10276879772820273,3.079301020446577,0.0,0.0,0.0,1.5811388300841898,,,,,
hyper3,AE,0.008086730207035268,0.5216295111253316,0.9190871903299819,0.018410505057553078,0.8562352517697877,0.18693333333333334,0.3959348020791692,184.44969143867493,100762.0,750.0,200.0,44.0,0.02,0.1,,,,0.0001908168387393058,0.007944513451469747,0.02430512897926275,0.0006659885026533294,0.042028589174630676,0.05143626044813997,0.04438689239130701,22.383347335527088,0.0,0.0,0.0,1.5811388300841898,0.0,0.0,,,
hyper3,DAE,0.007909646612059692,0.5166996200455944,0.9034072369397155,0.01736103605410017,0.8316901971763387,0.2026666666666667,0.4001518614785944,2184.2333628177644,100762.0,750.0,200.0,44.0,0.02,,,,,0.00018944602318562268,0.009026154269896048,0.049406782611386715,0.0008847825766510133,0.08077040101555272,0.08489994110716449,0.0609283677383828,206.30621928904958,0.0,0.0,0.0,1.5811388300841898,0.0,,,,
hyper3,HST,0.007962729377907842,0.5177793131490888,0.8829440454062784,0.017629331759794097,0.8044514658241011,0.22746666666666665,0.3902868035991261,1365.3313254833222,100762.0,750.0,200.0,44.0,,,25.0,15.0,,0.0003456211945349138,0.012318429874249182,0.09060328197467622,0.0018196374373762349,0.14488391092281422,0.148502450410011,0.13001110243245098,173.1510131521884,0.0,0.0,0.0,1.5811388300841898,,,0.0,0.0,
hyper3,ILOF,0.008852684269455497,0.544412521164127,0.9746484895997718,0.020841525756979944,0.9571751389833218,0.07066666666666667,0.26007763550169927,827.875723695755,100762.0,750.0,200.0,44.0,,,,,,2.661846395890447e-09,1.2973633167049614e-07,0.0,0.0,0.0,0.0,0.0,8.36864117177058,0.0,0.0,0.0,1.5811388300841898,,,,,
hyper3,LODA,0.007845818783616388,0.5111344117607656,0.9008373036814714,0.016880821907670686,0.8395501067594253,0.18130841121495328,0.34391729820518147,30100.978546857834,100762.0,750.0,200.0,44.0,,,,,256.0,0.00026881985042640595,0.008740898050679246,0.11664064496797946,0.0014375561286088401,0.17488718796438793,0.17665776450867324,0.10742131815795888,911.3000566332926,0.0,0.0,0.0,1.5811388300841898,,,,,0.0
hyper3,PW-AE,0.00809853587270486,0.5265461317975177,0.9546703212416954,0.018080549617554502,0.92008958924929,0.10666666666666666,0.3050269714772772,1842.2323425769805,100762.0,750.0,200.0,44.0,0.1,,,,,0.00017788108291305008,0.00837220181817229,0.02222217693387046,0.0010276683334439485,0.0407718403282334,0.048607269689488496,0.06636202717678985,201.4750753287148,0.0,0.0,0.0,1.5811388300841898,0.0,,,,
hyper3,RRCF,0.00795446481016014,0.5209673985788372,0.8837464849900936,0.0170826168220612,0.7988281406231252,0.236,0.4233896683330662,23394.216732263565,100762.0,750.0,200.0,44.0,,,,,,0.00028335312420785025,0.01074140184201459,0.045924804351400686,0.0010414542390719444,0.07793378414146551,0.08344792121770053,0.07146876366798938,111.69477929856352,0.0,0.0,0.0,1.5811388300841898,,,,,
hyper3,xStream,0.007546202003163266,0.49982066018744414,0.7449642333285832,0.016265273418925922,0.6963064432268128,0.32266666666666666,0.2975656626640488,1639.2798284053802,100762.0,750.0,200.0,44.0,,,,,,0.00019250871681704898,0.006862545154078405,0.400102885847034,0.0010517113172659456,0.39022426694453194,0.38531141806192154,0.1409149064658833,18.97176122324129,0.0,0.0,0.0,1.5811388300841898,,,,,
hyper4,AE,0.01025875320909754,0.49638170213191674,0.9630927959106301,0.021347549702515303,0.9380513620856968,0.0774,0.2594716448837159,344.4090886592865,100957.0,1000.0,300.0,44.0,0.02,0.1,,,,0.00028609138658064833,0.006690717834673221,0.02130074074230244,0.0010244086917836769,0.04007250074125725,0.043235402160729346,0.06981652971202183,30.082960235842634,0.0,0.0,0.0,1.5811388300841898,0.0,0.0,,,
hyper4,DAE,0.009958908222685251,0.49717757635783383,0.7735831984408343,0.020914347645720303,0.7477675400422181,0.2638,0.22549535370814952,3358.882589292526,100957.0,1000.0,300.0,44.0,0.02,,,,,0.00010500905858269514,0.0038371897699308625,0.4130227274444824,0.00164029463378401,0.4143745179168973,0.4127380525224201,0.10949687537263829,510.42111716817027,0.0,0.0,0.0,1.5811388300841898,0.0,,,,
hyper4,HST,0.010576104600414115,0.5167264733835549,0.8455664124361842,0.022648706491043988,0.7733565433136248,0.2578,0.3776038389658849,1848.3443784713745,100957.0,1000.0,300.0,44.0,,,25.0,15.0,,0.0005399235150669975,0.011664497084673061,0.19981153863070533,0.001626174564260705,0.25397324430950236,0.2532453355937676,0.08203744092205792,668.7157353917698,0.0,0.0,0.0,1.5811388300841898,,,0.0,0.0,
hyper4,ILOF,0.011213315058892564,0.5166772112008163,0.9743975520867748,0.026666666666666665,0.9589223366047401,0.069,0.2572268283553002,913.1215721130371,100957.0,1000.0,300.0,44.0,,,,,,4.869618319146754e-09,6.931183639783572e-08,0.0,0.0,0.0,0.0,0.0,6.976087857434769,0.0,0.0,0.0,1.5811388300841898,,,,,
hyper4,LODA,0.010200621303595937,0.5071867655353233,0.7953170829773877,0.02139681305570103,0.7125081492031333,0.31022044088176354,0.3833654573371351,31896.84834971428,100957.0,1000.0,300.0,44.0,,,,,256.0,0.0003252445529498271,0.006221462050796617,0.24470569278488824,0.001139152110533768,0.2926215053467086,0.2919312496507912,0.08465645445932694,500.42848260320454,0.0,0.0,0.0,1.5811388300841898,,,,,0.0
hyper4,PW-AE,0.010225171253626217,0.5066302390027712,0.9384072713697623,0.02149436794943719,0.8958312074191902,0.1196,0.29651113131227824,2360.246291255951,100957.0,1000.0,300.0,44.0,0.1,,,,,0.00013206409227109044,0.0040049194996852906,0.05488160575254937,0.0012860222153198728,0.0977629466793031,0.09899141376907394,0.11979467212940537,348.05131344908347,0.0,0.0,0.0,1.5811388300841898,0.0,,,,
hyper4,RRCF,0.010030960930956142,0.5031301019438359,0.7052444360144963,0.020396447859993876,0.5853497003711596,0.43499999999999994,0.4426192223170098,25297.32902712822,100957.0,1000.0,300.0,44.0,,,,,,0.00012318700194397054,0.005359161124124758,0.22790712539968677,0.0005493907187793277,0.26534559733956686,0.2646932186513285,0.056627435846316854,99.92760223310775,0.0,0.0,0.0,1.5811388300841898,,,,,
hyper4,xStream,0.010376430273524386,0.5090839240873575,0.8548195390732556,0.02155279896274182,0.7537461108276559,0.2792,0.453060242583606,1743.2090888023376,100957.0,1000.0,300.0,44.0,,,,,,0.00013990066850900945,0.003921117569134412,0.04155188047439906,0.00045465962488489426,0.06521234401954754,0.07226825029015162,0.04221642181645056,231.8269575278389,0.0,0.0,0.0,1.5811388300841898,,,,,
hyper5,AE,0.012790629328180998,0.5136406370293305,0.851383413754642,0.026426464998947196,0.749733904205514,0.2808,0.4541835142838032,349.3033143997192,101214.0,1250.0,400.0,44.0,0.02,0.1,,,,0.00013601394002469037,0.0027326946511591664,0.04117439427828339,0.0004161128193819646,0.06346103817686367,0.06534829760598207,0.0340832890361556,53.70166633312317,0.0,0.0,0.0,1.5811388300841898,0.0,0.0,,,
hyper5,DAE,0.012803422431683855,0.5123127765995759,0.7232871424666923,0.0260695494896043,0.6041254851746629,0.42400000000000004,0.45019795999803325,3385.223518371582,101214.0,1250.0,400.0,44.0,0.02,,,,,0.0002098478605275587,0.005120179877702015,0.21020724444720998,0.0010213049919504408,0.2526110907133468,0.2511025288602247,0.058796630381283674,372.1125642551141,0.0,0.0,0.0,1.5811388300841898,0.0,,,,
hyper5,HST,0.012586602549980975,0.5057634116281862,0.5633648653750659,0.025262615290045348,0.43552078748349404,0.588,0.43508190925699275,1755.8910472869873,101214.0,1250.0,400.0,44.0,,,25.0,15.0,,0.0003937677005194692,0.01084078182815546,0.26449393980589225,0.000636376489662475,0.28029602587013186,0.27831895372036736,0.07466664352883243,533.8706748682536,0.0,0.0,0.0,1.5811388300841898,,,0.0,0.0,
hyper5,ILOF,0.01357465726335887,0.5297293937817614,0.8937420192797759,0.02846119156185799,0.8157036533151935,0.2272,0.43049723580205707,1120.9048909187318,101214.0,1250.0,400.0,44.0,,,,,,4.3217852004285175e-08,2.586800540960839e-07,0.0,0.0,0.0,0.0,0.0,23.994993797188318,0.0,0.0,0.0,1.5811388300841898,,,,,
hyper5,LODA,0.012687916558322165,0.5085207149037888,0.7789619613543272,0.025565124616715486,0.654752592414305,0.3707395498392283,0.4646405929666318,30728.093452787398,101214.0,1250.0,400.0,44.0,,,,,256.0,0.00016844538435933183,0.005756993431610058,0.1107667131291633,0.00018639810140115,0.16080920384433944,0.16555329138415736,0.08334901802234775,814.5091866385923,0.0,0.0,0.0,1.5811388300841898,,,,,0.0
hyper5,PW-AE,0.01310084674302118,0.5193003145132248,0.9022696609863752,0.026723162650989046,0.8331519346964906,0.19472,0.3898786965021103,2804.2693514347075,101214.0,1250.0,400.0,44.0,0.1,,,,,0.000223664700111533,0.004591046174588759,0.04861748846188478,0.000790250107880265,0.08172614331645374,0.08927369153339632,0.07410453346347756,228.61425302496795,0.0,0.0,0.0,1.5811388300841898,0.0,,,,
hyper5,RRCF,0.01207256021767442,0.49863483654115476,0.23901498667302717,0.024928436565169406,0.14304749709895562,0.87568,0.3332192802574495,28375.4516269207,101214.0,1250.0,400.0,44.0,,,,,,0.00017744804869028344,0.00921380911988322,0.14651725356263645,0.0005576481975938828,0.10577427561616647,0.0900623783829852,0.09089448344854992,113.63513310863088,0.0,0.0,0.0,1.5811388300841898,,,,,
hyper5,xStream,0.012614346632922916,0.5019376559561441,0.7750259418175105,0.025241786969578905,0.6982653755351926,0.31920000000000004,0.3597176558619496,2050.3758741378783,101214.0,1250.0,400.0,44.0,,,,,,0.00035557343764306147,0.006979434637788725,0.2849902964317259,0.00029647435301735414,0.32212566312063506,0.3226559777843888,0.11373204132808537,137.58804941367725,0.0,0.0,0.0,1.5811388300841898,,,,,
make1,AE,0.007581866109111509,0.512356846066296,0.9372108575937977,0.020095578455598805,0.9019343139230305,0.12162162162162163,0.24832126298796506,69.42902178764344,10000.0,74.0,200.0,44.0,0.02,0.1,,,,0.0002633405361641824,0.01377724452825274,0.10877243542305587,0.0038357343624418924,0.17351885891606061,0.19063156729278222,0.16421315657418215,13.763266589192,0.0,0.0,0.0,1.5811388300841898,0.0,0.0,,,
make1,DAE,0.00731841713742447,0.5103604511220873,0.7073141667643869,0.0174864187446714,0.5808986500100746,0.48108108108108105,0.4452863971362323,380.59733452796934,10000.0,74.0,200.0,44.0,0.02,,,,,0.00016316917002145523,0.01087551169867433,0.19341316737387665,0.0018571787115778374,0.2630667139806373,0.2911840767365607,0.15859060795668936,129.48661424162944,0.0,0.0,0.0,1.5811388300841898,0.0,,,,
make1,HST,0.006691560603053727,0.44075673497394224,0.9694470192852638,0.021917355644168603,0.9487205319363289,0.07027027027027027,0.2389811035964325,274.7773938179016,10000.0,74.0,200.0,44.0,,,25.0,15.0,,0.00027768085665912275,0.01465003942688611,0.03205034073385022,0.008293996491425565,0.05964747206204503,0.05843715759578285,0.09202478348219982,123.48796968387104,0.0,0.0,0.0,1.5811388300841898,,,0.0,0.0,
make1,ILOF,0.008060703462023157,0.545092468047334,0.9815588385124808,0.021621621621621623,0.9705823090872456,0.05405405405405406,0.22905001331436456,82.05984797477723,10000.0,74.0,200.0,44.0,,,,,,0.0,0.0,0.0,0.0,0.0,0.0,0.0,3.7857206192167343,0.0,0.0,0.0,1.5811388300841898,,,,,
make1,LODA,0.007457046528979825,0.5103949864804458,0.851358258031367,0.0183334812941535,0.7588545435748992,0.30422535211267604,0.44085253234998556,2988.9061695575715,10000.0,74.0,200.0,44.0,,,,,256.0,0.0008098011571443111,0.03231479384933987,0.11578883505841946,0.0028579013607070137,0.1713724933642711,0.18217535385357772,0.12344014444048627,391.086779598998,0.0,0.0,0.0,1.5811388300841898,,,,,0.0
make1,PW-AE,0.007330106874753187,0.5141915036132244,0.6997826843912817,0.01683292638540809,0.5796494056014507,0.4837837837837838,0.4471153472543662,186.10697746276855,10000.0,74.0,200.0,44.0,0.1,,,,,0.00018506490128393982,0.011255846547340506,0.22178375448565074,0.000705261505105212,0.28643845860357325,0.32112726030641886,0.0931336805621014,20.127161764019704,0.0,0.0,0.0,1.5811388300841898,0.0,,,,
make1,RRCF,0.007065853615754255,0.4926657263751763,0.6872754708822992,0.01760529002634293,0.6184364295788838,0.4243243243243243,0.3279604659280538,3494.475168514252,10000.0,74.0,200.0,44.0,,,,,,0.0004072070636096415,0.01996853173816311,0.37101356810121233,0.0019983648865420527,0.40905662136720566,0.4282526032426142,0.13679733473124223,237.5242319890552,0.0,0.0,0.0,1.5811388300841898,,,,,
make1,xStream,0.012713471136148121,0.577736466065098,0.9956703700275013,0.044556489262371615,0.9985694136610921,0.02702702702702703,0.164281343181425,388.9493072986603,10000.0,74.0,200.0,44.0,,,,,,0.0006685503398133593,0.015285225267454771,0.0003610597350396557,0.0033237864367935744,0.0007208762369534239,0.0,5.9307332335415115e-05,47.60450838711579,0.0,0.0,0.0,1.5811388300841898,,,,,
make2,AE,0.009364533181068755,0.5178735732705461,0.9394366440907879,0.01988556446376441,0.8953340060544903,0.1248888888888889,0.3140768699753269,141.314391374588,50000.0,450.0,200.0,44.0,0.02,0.1,,,,0.00018281571399268403,0.006074251504849696,0.042792472833829816,0.0005824145714055446,0.07682313935231411,0.08346508104043522,0.10028397873118583,45.41584320017348,0.0,0.0,0.0,1.5811388300841898,0.0,0.0,,,
make2,DAE,0.00914769717473812,0.513198573831147,0.7313926100351779,0.019097085108492066,0.6228052472250252,0.40711111111111115,0.42375122459067943,1796.6716479301454,50000.0,450.0,200.0,44.0,0.02,,,,,0.00015268865317388748,0.0045046007061964434,0.23926190932240318,0.00036515643780327714,0.2856396933671781,0.299429086392384,0.08347132037636443,282.6753400169487,0.0,0.0,0.0,1.5811388300841898,0.0,,,,
make2,HST,0.00754765964978754,0.43799206189034645,0.02907954921712728,0.01792105950899553,0.014885973763874873,0.9897777777777778,0.11176245904852233,784.8630311489105,50000.0,450.0,200.0,44.0,,,25.0,15.0,,0.00016377988347496072,0.012077575730232002,0.024811782849643575,3.876595867597697e-05,0.01283858622114805,0.01106657742043446,0.05159901573706901,247.65322098630395,0.0,0.0,0.0,1.5811388300841898,,,0.0,0.0,
make2,ILOF,0.009794348715274957,0.5271244848077139,0.9770740793810002,0.02353966870095902,0.9633299697275479,0.06,0.24041588588039034,359.687576007843,50000.0,450.0,200.0,44.0,,,,,,6.838404846269859e-08,5.560836045468264e-06,0.0,0.0,0.0,0.0,0.0,11.703111909683413,0.0,0.0,0.0,1.5811388300841898,,,,,
make2,LODA,0.0089396929891475,0.49376481891326957,0.8182663754576536,0.01973558005925585,0.7356567603205193,0.28775055679287304,0.38641200362222633,14859.123448371887,50000.0,450.0,200.0,44.0,,,,,256.0,0.00018975779455829842,0.010228733867895103,0.2158034463269315,0.0014376353512817663,0.2637019435888596,0.26595542490102647,0.0885282212582293,492.3181801216859,0.0,0.0,0.0,1.5811388300841898,,,,,0.0
make2,PW-AE,0.009656826469936385,0.526815939006615,0.8909370780086674,0.02103656863988637,0.8200726538849648,0.21511111111111111,0.3905154864849392,839.0879302501678,50000.0,450.0,200.0,44.0,0.1,,,,,0.00019961083109453412,0.005019734746888458,0.10093882464946892,0.0011314723209037314,0.1500131131448652,0.15764783381376618,0.07896827363714486,197.1711634390332,0.0,0.0,0.0,1.5811388300841898,0.0,,,,
make2,RRCF,0.00877381502596813,0.49895370332996974,0.4621003267860143,0.01865240083005183,0.31817154389505553,0.7146666666666667,0.4436486515664921,13497.391026639938,50000.0,450.0,200.0,44.0,,,,,,0.00024289230087702046,0.00990490850351422,0.20790460811047362,0.00031639138573598787,0.15545246264908882,0.1500913302206607,0.12210946513826673,113.81828902131821,0.0,0.0,0.0,1.5811388300841898,,,,,
make2,xStream,0.0116545053162969,0.5721020159210675,0.9214922035372979,0.028711308822224214,0.863422805247225,0.21511111111111111,0.42028935871202944,678.1491708278656,50000.0,450.0,200.0,44.0,,,,,,0.0011863001754533664,0.020560047042431598,0.047512728978641686,0.005217810572720732,0.08205172471179047,0.08694258073969861,0.06655122586807559,41.1747438469669,0.0,0.0,0.0,1.5811388300841898,,,,,
make3,AE,0.013408175787975072,0.5134065673814721,0.537642719085242,0.02720581023286487,0.3710675637336359,0.6681957186544343,0.49518723044612545,277.32367219924924,100000.0,1308.0,300.0,44.0,0.02,0.1,,,,6.940476606825003e-05,0.0015735734144431105,0.05947377445101417,0.0001255595082539243,0.054480961612818395,0.05662397658545185,0.018398018431520266,18.16828622939759,0.0,0.0,0.0,1.5811388300841898,0.0,0.0,,,
make3,DAE,0.013329700854539333,0.5120489488751401,0.643473524721304,0.027073467123423865,0.49294167713695136,0.5382262996941896,0.4908770240779764,2340.6069719314573,100000.0,1308.0,300.0,44.0,0.02,,,,,0.00018491767799885556,0.003848683471286382,0.15314968101443813,0.0003408031619281155,0.17169717849302832,0.17558983527911198,0.017939392785664518,348.59423698277936,0.0,0.0,0.0,1.5811388300841898,0.0,,,,
make3,HST,0.01090644213968313,0.43629914604122844,0.008720521505926003,0.02587040080751471,0.004383334008835569,0.9975535168195719,0.0645182716393935,1588.7422960281372,100000.0,1308.0,300.0,44.0,,,25.0,15.0,,0.0006181151250358203,0.02830357391969035,0.00433290776744903,2.5886946651784982e-05,0.0021876724200703534,0.0012562443979476244,0.016120031964662468,322.6262510239883,0.0,0.0,0.0,1.5811388300841898,,,0.0,0.0,
make3,ILOF,0.013617764737924842,0.5165575389705916,0.6538899585107248,0.02739465061342681,0.4886616949702104,0.5496941896024465,0.518280324155189,972.3783246040344,100000.0,1308.0,300.0,44.0,,,,,,6.113654084797379e-09,1.9192155245609278e-07,0.0,0.0,0.0,0.0,0.0,9.020676369582793,0.0,0.0,0.0,1.5811388300841898,,,,,
make3,LODA,0.013189295044388089,0.49956040613183444,0.6272169085450539,0.026643789813196272,0.5476320120278754,0.46784073506891277,0.3407588425443627,37776.343369960785,100000.0,1308.0,300.0,44.0,,,,,256.0,0.00016410848450612334,0.004813476968433209,0.39568348720397994,0.0008050249371772447,0.3789116238559701,0.3722601687144443,0.18461272440259682,193.3116469779318,0.0,0.0,0.0,1.5811388300841898,,,,,0.0
make3,PW-AE,0.01385296584273173,0.5211500989517817,0.675904850135638,0.027842242634375014,0.5365642605277023,0.5056574923547401,0.4813552289117024,2255.1497151851654,100000.0,1308.0,300.0,44.0,0.1,,,,,0.00021746845728935375,0.004053000363393729,0.17478290096409377,0.0004795178034432893,0.21345962264816284,0.22080683404268706,0.04921843774571077,267.4848624573496,0.0,0.0,0.0,1.5811388300841898,0.0,,,,
make3,RRCF,0.013998878769588812,0.5183158526988669,0.7383414688001378,0.028218542321436835,0.6294005593158514,0.40107033639143735,0.42680405653550224,38960.76201686859,100000.0,1308.0,300.0,44.0,,,,,,0.0005165078139273316,0.009133762558866027,0.21995811250466824,0.0016039122638227944,0.2812175778631068,0.28253843979426274,0.09165381685933267,216.3914307283213,0.0,0.0,0.0,1.5811388300841898,,,,,
make3,xStream,0.012990711586771928,0.5044500305587296,0.48129431221403873,0.026837993099066017,0.3613727556438212,0.6636085626911316,0.4116401794980023,1960.8119173049927,100000.0,1308.0,300.0,44.0,,,,,,0.00053133615043846,0.01563486420374773,0.2980932543986211,0.0008562327271132217,0.27433876027307447,0.2663223858082139,0.12249815883084453,80.25162974470916,0.0,0.0,0.0,1.5811388300841898,,,,,
make4,AE,0.015369492669803128,0.5135928475468481,0.733015553863408,0.030636289175795306,0.589967417452471,0.43983794733288323,0.49938362441119094,323.6314097881317,100000.0,1481.0,400.0,44.0,0.02,0.1,,,,5.188214516681969e-05,0.0012929753469106413,0.0927975949320344,0.00022169246036562247,0.11010114300817081,0.1135750420476566,0.011527079495765025,24.14370719524878,0.0,0.0,0.0,1.5811388300841898,0.0,0.0,,,
make4,DAE,0.014601565175614667,0.4978435066275497,0.4825292465596934,0.029475526285047033,0.3460611658664826,0.6646860229574612,0.4225750168691943,3138.738863515854,100000.0,1481.0,400.0,44.0,0.02,,,,,0.00012778209534528194,0.0026561954335921597,0.258267534209437,0.00026327343447249,0.19223067833579702,0.18638478543867426,0.1687948544888558,315.12659534656217,0.0,0.0,0.0,1.5811388300841898,0.0,,,,
make4,HST,0.01169866611775407,0.40893249004248533,0.006700773589311336,0.02921324089075352,0.003363818146753418,0.9975692099932477,0.05687513136976598,2002.8283265590667,100000.0,1481.0,400.0,44.0,,,25.0,15.0,,0.0004906074125689737,0.019399782491892826,0.003165224889432108,1.950827019109559e-05,0.0015967595756061967,0.0009059019490208594,0.012232485149203245,536.364791018512,0.0,0.0,0.0,1.5811388300841898,,,0.0,0.0,
make4,ILOF,0.015281571400687022,0.5150581873111338,0.5812133492764727,0.030627972885625736,0.4119712948771303,0.6239027683997299,0.50698129292417,1191.6274012088775,100000.0,1481.0,400.0,44.0,,,,,,3.5627332450140203e-09,1.7439933836388512e-07,0.0,0.0,0.0,0.0,0.0,25.12816147988699,0.0,0.0,0.0,1.5811388300841898,,,,,
make4,LODA,0.014805314831159145,0.4993098487447578,0.43175169203327524,0.0295780245073056,0.2972747440620357,0.7152909336941813,0.4212434961064293,33712.26181015968,100000.0,1481.0,400.0,44.0,,,,,256.0,0.0002770446807552559,0.005742888799720645,0.22155269484617865,0.0003055473914443893,0.18282709704430086,0.17686805081964596,0.10803074451001632,583.0840407573036,0.0,0.0,0.0,1.5811388300841898,,,,,0.0
make4,PW-AE,0.014967412103223884,0.5048474963500461,0.7269643059258909,0.029963801171474125,0.5894558410052884,0.43092505064145853,0.4795626206324545,3270.0398699760435,100000.0,1481.0,400.0,44.0,0.1,,,,,0.00010825966592162686,0.0024405591597654046,0.12765476183556929,0.0003053734297798577,0.16634000703032906,0.16893944668645683,0.044168542110780216,156.40856280552393,0.0,0.0,0.0,1.5811388300841898,0.0,,,,
make4,RRCF,0.014121595552639277,0.4850018277783782,0.07309698716742966,0.029278426361193682,0.040205442604979755,0.963268062120189,0.13931743423285226,39042.35236105919,100000.0,1481.0,400.0,44.0,,,,,,0.00043030035052460527,0.011702180916820319,0.09831660484841831,0.00011405109831762263,0.054359625618532637,0.050428541828827125,0.1463195211883605,607.4700701514793,0.0,0.0,0.0,1.5811388300841898,,,,,
make4,xStream,0.01501463595450718,0.5140803997273901,0.5204159139590327,0.03078730521964588,0.3846242856707843,0.6505064145847401,0.4490055736691442,2196.9908253669737,100000.0,1481.0,400.0,44.0,,,,,,0.00036001890853337633,0.011650424519097875,0.24885880508260222,0.0010400391080279741,0.2301141018525013,0.22408874303621534,0.09618651572798681,90.11343755180928,0.0,0.0,0.0,1.5811388300841898,,,,,
make5,AE,0.021444048955071043,0.5107068380856086,0.6202224460598286,0.04152449974105735,0.47344300462580036,0.5483341380975374,0.4813542186030674,348.9535409927368,100000.0,2071.0,400.0,44.0,0.02,0.1,,,,8.600876734297014e-05,0.0006182718780437392,0.18163396799977544,0.00026463935610832084,0.1834457279851424,0.18077219676908526,0.041449519608311766,35.4585703265233,0.0,0.0,0.0,1.5811388300841898,0.0,0.0,,,
make5,DAE,0.020361683050410858,0.4947310534634373,0.16479692596409917,0.040752481042889054,0.09333088257819441,0.9125060357315306,0.26424947785979536,3255.492098522186,100000.0,2071.0,400.0,44.0,0.02,,,,,0.0001043254794942651,0.002159153333319589,0.11376791736603888,4.278506315933178e-05,0.06655629405676819,0.06463129413481376,0.12194273775233339,754.7439412344869,0.0,0.0,0.0,1.5811388300841898,0.0,,,,
make5,HST,0.015795644012346084,0.3980181702114036,0.006460736422493449,0.040675369721813216,0.0032411236712311985,0.9992274263640754,0.05675162279784279,2448.393712234497,100000.0,2071.0,400.0,44.0,,,25.0,15.0,,0.001370914762263803,0.04060277006476584,0.0010667034513042505,8.557897964709186e-06,0.0005368849959606312,0.00043188179188797263,0.004704063316783123,1067.0404453878766,0.0,0.0,0.0,1.5811388300841898,,,0.0,0.0,
make5,ILOF,0.02136611652688883,0.5089651659307031,0.4819273396643484,0.04130382110229038,0.3194763553186492,0.6996619990342829,0.47278479819726965,1120.9543065547944,100000.0,2071.0,400.0,44.0,,,,,,3.099856254748252e-09,5.984253118504087e-08,0.0,0.0,0.0,0.0,0.0,19.633830066131235,0.0,0.0,0.0,1.5811388300841898,,,,,
make5,LODA,0.021143649308280454,0.5041427566550624,0.4139188278613741,0.04131350137881,0.31217109978090385,0.7006763285024155,0.3535998817730846,35782.03729386329,100000.0,2071.0,400.0,44.0,,,,,256.0,0.0006785875098726869,0.007941470044014753,0.3303430229791667,0.0009519535037206836,0.29565511105415415,0.28453872525142376,0.181655819183176,831.8334446429241,0.0,0.0,0.0,1.5811388300841898,,,,,0.0
make5,PW-AE,0.02094615054872043,0.50223159587742,0.49738246408737224,0.04100244665939963,0.37203279927294264,0.6417189763399324,0.4203845855415264,3076.9056812286376,100000.0,2071.0,400.0,44.0,0.1,,,,,0.0001512824520974526,0.0027913894276115716,0.25839904227920146,0.00017570300708649416,0.27592456845776014,0.27159064272541206,0.05084932675092273,704.9221056220152,0.0,0.0,0.0,1.5811388300841898,0.0,,,,
make5,RRCF,0.01965068822111391,0.48569949023316833,0.10308264857298217,0.04076503363434866,0.05630609931685201,0.9492032834379527,0.20491418968224923,41111.05197076798,100000.0,2071.0,400.0,44.0,,,,,,0.00050370363414145,0.0079139837144651,0.08860266531126873,0.00012858536444129148,0.049998121877367505,0.04771438754152248,0.10926064491474725,260.10217632352095,0.0,0.0,0.0,1.5811388300841898,,,,,
make5,xStream,0.023278380328558692,0.5364070385368082,0.8250324004391516,0.04854630591883962,0.726389527106373,0.3349106711733462,0.46866233298993354,2216.414666223526,100000.0,2071.0,400.0,44.0,,,,,,0.0017380787042585587,0.015384005617028918,0.12339001290654568,0.004296147769965158,0.16760481943237412,0.16390810175040801,0.0455632737507151,99.4133620705215,0.0,0.0,0.0,1.5811388300841898,,,,,
sine1,AE,0.18904747501390057,0.616539797979798,0.9947201411624906,0.2754626275749179,0.9975555555555555,0.194,0.43378227895493254,5.700166177749634,10000.0,100.0,2.0,44.0,0.02,0.1,,,,0.08225755976306685,0.08476218662890943,0.0016521144548045839,0.10459965064830294,0.003200123709474841,0.0658027355054484,0.08189057986563755,0.26164547048410514,0.0,0.0,0.0,1.5811388300841898,0.0,0.0,,,
sine1,DAE,0.08443036941279655,0.6947682828282827,0.97376157383995,0.1374423317812245,0.9590505050505052,0.21600000000000003,0.41996272953617153,10.407393407821655,10000.0,100.0,2.0,44.0,0.02,,,,,0.03655359937902367,0.07472193176931408,0.04242834431868399,0.05749009673376332,0.07877219476111419,0.19944924166313593,0.15133410401670644,0.8396459442443277,0.0,0.0,0.0,1.5811388300841898,0.0,,,,
sine1,HST,0.2568263900912638,0.7509764646464647,0.9947878319114446,0.3328548678256911,0.9970707070707071,0.256,0.500112044551765,116.24960169792175,10000.0,100.0,2.0,44.0,,,25.0,15.0,,0.0865139120567099,0.08381046618711037,0.001515894146766548,0.07903544775227664,0.003195816569607392,0.08763560920082657,0.0795557699793597,1.8721255620508492,0.0,0.0,0.0,1.5811388300841898,,,0.0,0.0,
sine1,ILOF,0.37107268866550674,0.7952230303030304,0.9960223553698203,0.4316546762589929,0.9990909090909093,0.3,0.5474735360976571,35.3668089389801,10000.0,100.0,2.0,44.0,,,,,,5.220943806296423e-07,2.515131231916605e-06,0.0,0.0,0.0,0.0,0.0,1.3092820655127355,0.0,0.0,0.0,1.5811388300841898,,,,,
sine1,LODA,0.016446047616422647,0.48256905848195775,0.9786184535509566,0.05725314048309047,0.9668394856905849,0.124,0.34570769858688477,448.47690706253053,10000.0,100.0,2.0,44.0,,,,,256.0,0.0034273018868116846,0.004750698213332181,0.0016156330452344082,0.0033375624242334935,0.0032637274170148945,0.015165750888103105,0.020545712217186624,2.391092789499228,0.0,0.0,0.0,1.5811388300841898,,,,,0.0
sine1,PW-AE,0.02468112084621909,0.6448737373737374,0.6864149074110996,0.042841519901633575,0.6173131313131313,0.5439999999999999,0.4093392187164264,10.224334335327148,10000.0,100.0,2.0,44.0,0.1,,,,,0.016854560069430216,0.13742054173516655,0.37807437286257933,0.01996372386326893,0.4041413485012533,0.433739553188316,0.21764983803228294,0.5336821953663304,0.0,0.0,0.0,1.5811388300841898,0.0,,,,
sine1,RRCF,0.057065743594865395,0.801539595959596,0.9803449053870276,0.13787059601993187,0.9682626262626263,0.302,0.5393301789510125,922.1684052467347,10000.0,100.0,2.0,44.0,,,,,,0.01048472634544887,0.009290778939833174,0.004683086153196831,0.013701254225014536,0.009477040923346754,0.046043457732885346,0.039004799172829736,2.5248463026606003,0.0,0.0,0.0,1.5811388300841898,,,,,
sine1,xStream,0.03910477725837995,0.7441898989898991,0.9861750017994837,0.11363391451997609,0.9810101010101009,0.16599999999999998,0.39697879164797734,37.41430711746216,10000.0,100.0,2.0,44.0,,,,,,0.004861448383347445,0.0686326893355421,0.007270114575791762,0.015514786330582087,0.014807543363956855,0.06426507605223852,0.0751106976998482,1.3039979594843523,0.0,0.0,0.0,1.5811388300841898,,,,,
sine2,AE,0.7568782626833849,0.9310657630522089,0.9993518241986582,0.8065895385452603,0.9998795180722893,0.7070000000000001,0.8366005026794129,28.68803415298462,50000.0,200.0,2.0,44.0,0.02,0.1,,,,0.14533138191373285,0.056150265373821506,0.0003383640366211793,0.11475369305746438,6.809568256152956e-05,0.15478210490880395,0.0936828777174295,1.4665548969686162,0.0,0.0,0.0,1.5811388300841898,0.0,0.0,,,
sine2,DAE,0.15882391362440235,0.958893795180723,0.9973063023442744,0.17993588604931626,0.9980281124497992,0.149,0.3788844903764156,49.84227957725525,50000.0,200.0,2.0,44.0,0.02,,,,,0.03367786375591728,0.01043292469317908,0.0009469902211424221,0.03668723144021251,0.002090591942046668,0.05888548208174913,0.07958300569011262,1.1484929465923894,0.0,0.0,0.0,1.5811388300841898,0.0,,,,
sine2,HST,0.9686462992049165,0.999055702811245,0.9997932165701424,0.9455962772597758,0.9999076305220884,0.9199999999999999,0.9582951438527931,531.529115152359,50000.0,200.0,2.0,44.0,,,25.0,15.0,,0.03280682544149809,0.0014010600319751244,0.00022315424730738858,0.060064344886405906,0.00011234217454380713,0.0839642781187333,0.044619312309537446,10.119350582217189,0.0,0.0,0.0,1.5811388300841898,,,0.0,0.0,
sine2,ILOF,0.992490756635652,0.9999562248995983,0.9998995963774371,0.9751243781094526,0.9998795180722893,0.9800000000000001,0.9898898563531416,182.39097900390624,50000.0,200.0,2.0,44.0,,,,,,0.0,0.0,0.0,0.0,0.0,0.0,0.0,3.3910792164755725,0.0,0.0,0.0,1.5811388300841898,,,,,
sine2,LODA,0.16179049964338887,0.9706955938155982,0.9979458965246482,0.2501588607230486,0.9992370418214114,0.16999999999999998,0.4120985867693608,2427.993311882019,50000.0,200.0,2.0,44.0,,,,,256.0,0.006913672201652543,0.0012203146993868292,5.645235448889648e-05,0.004040910570775144,0.00013342882190405664,0.006123724356957934,0.0074571055149755565,19.95463867845124,0.0,0.0,0.0,1.5811388300841898,,,,,0.0
sine2,PW-AE,0.050275987783380924,0.9375488955823293,0.9751790864938918,0.10354376566797621,0.9533413654618474,0.6220000000000001,0.7417085331787582,50.961947727203366,50000.0,200.0,2.0,44.0,0.1,,,,,0.01789427312074446,0.02612342753061176,0.014487991126911938,0.023962473510375167,0.028763834018594177,0.2807712592129045,0.21534365339953154,1.0460731029122985,0.0,0.0,0.0,1.5811388300841898,0.0,,,,
sine2,RRCF,0.5921282023770448,0.997420421686747,0.9974887570146267,0.5883271264866453,0.995425702811245,0.891,0.9416812699484295,5002.268738794327,50000.0,200.0,2.0,44.0,,,,,,0.01889094941105923,0.00013121690256267098,0.0001467773259247307,0.011077380220908593,0.00036791401167718835,0.026551836094703504,0.013899573692935256,21.77695858315561,0.0,0.0,0.0,1.5811388300841898,,,,,
sine2,xStream,0.11768793554275073,0.9191514558232932,0.996868551234277,0.21596755193505288,0.996863453815261,0.22199999999999998,0.45609720588841307,195.79805517196655,50000.0,200.0,2.0,44.0,,,,,,0.0650810980783814,0.02492916261773425,0.0009314738988682124,0.08153815586477349,0.0021832859714805597,0.12512993247021273,0.12806962597926197,3.465582580427271,0.0,0.0,0.0,1.5811388300841898,,,,,
sine3,AE,0.9394176264075078,0.972445181451613,0.999691794376416,0.9571403921029061,0.9999616935483872,0.92825,0.9617414149099707,58.648234844207764,100000.0,800.0,2.0,44.0,0.02,0.1,,,,0.10316533211802562,0.05090876257292008,0.0005168242341541116,0.07400197404883692,8.56558297832986e-05,0.1178041276865968,0.06399091929530258,1.5512316505454604,0.0,0.0,0.0,1.5811388300841898,0.0,0.0,,,
sine3,DAE,0.5844917539864325,0.9895892439516129,0.9959813028343307,0.5351657812342322,0.9955423387096773,0.557,0.7388068837857992,98.03808450698853,100000.0,800.0,2.0,44.0,0.02,,,,,0.16313083026385797,0.005430995592309203,0.0016947126847664863,0.14638062805547022,0.0032431990796975923,0.1564988019123469,0.10395830152681058,2.0481071574253598,0.0,0.0,0.0,1.5811388300841898,0.0,,,,
sine3,HST,0.9975200000000001,0.9975031250000003,0.999989919456457,0.9987484355444305,1.0,0.9975000000000002,0.9987492177719088,1342.4420392036438,100000.0,800.0,2.0,44.0,,,25.0,15.0,,0.0,5.551115123125783e-17,0.0,0.0,0.0,0.0,0.0,10.382464845216074,0.0,0.0,0.0,1.5811388300841898,,,0.0,0.0,
sine3,ILOF,0.9976404277365646,0.9993641129032259,0.999989919456457,0.9987484355444305,1.0,0.9975000000000002,0.9987492177719088,509.2940415382385,100000.0,800.0,2.0,44.0,,,,,,7.446387232323092e-10,1.782023138628661e-08,0.0,0.0,0.0,0.0,0.0,1.5857789394088373,0.0,0.0,0.0,1.5811388300841898,,,,,
sine3,LODA,0.21782532272572935,0.9739323687201956,0.9849417684203535,0.279151493519634,0.9725708972570898,0.7137844611528823,0.8330959348014361,5811.28548746109,100000.0,800.0,2.0,44.0,,,,,256.0,0.0035339412547185814,0.0002749689546615366,0.0006096377944770384,0.001716864550090285,0.0013655965552432801,0.023099830645823556,0.012847567171740187,14.853578331424961,0.0,0.0,0.0,1.5811388300841898,,,,,0.0
sine3,PW-AE,0.25784925301757683,0.9770291607862903,0.9875902357293687,0.3231694943097194,0.9781229838709677,0.67275,0.8036128713201588,108.75023188591004,100000.0,800.0,2.0,44.0,0.1,,,,,0.09997375529081395,0.012512166126435399,0.006141255952836237,0.10165641632867559,0.012612485313620355,0.17975547627262986,0.11887856328071934,1.6726392785740252,0.0,0.0,0.0,1.5811388300841898,0.0,,,,
sine3,RRCF,0.9657308138202747,0.9996084702620968,0.9992548936437762,0.9098116379856706,0.9990625,0.9315,0.9646763026482823,10551.654307842255,100000.0,800.0,2.0,44.0,,,,,,0.0025045033048960376,5.8175167765386094e-05,4.0619231649124096e-05,0.003951443873129523,0.00015436887934588698,0.010947317022905655,0.005602166915964348,41.27749582640082,0.0,0.0,0.0,1.5811388300841898,,,,,
sine3,xStream,0.21019088146179352,0.9363026953125001,0.9960567160809811,0.3048108545493434,0.9984314516129033,0.21425,0.4619538524230574,398.3586977958679,100000.0,800.0,2.0,44.0,,,,,,0.03459080058622074,0.008558034788008685,0.0003371875470252495,0.03653906251951659,0.0005950399140810801,0.022991166782049138,0.025393367578781505,6.581214291714525,0.0,0.0,0.0,1.5811388300841898,,,,,
sine4,AE,0.2358197891170084,0.6345509531039136,0.9937117085664608,0.31083787841547583,0.9967085020242916,0.2325,0.4803761395131567,62.963716173171996,100000.0,1200.0,2.0,44.0,0.02,0.1,,,,0.04111248737544901,0.09456223387324347,0.0009043794263994716,0.04952041260715985,0.0017339241316998103,0.032950931532945926,0.03493465097840747,1.6757511728571337,0.0,0.0,0.0,1.5811388300841898,0.0,0.0,,,
sine4,DAE,0.049071014905685516,0.8142499983130904,0.954668750947798,0.10165857573151724,0.9201680161943319,0.3935,0.6000533629453926,103.09759583473206,100000.0,1200.0,2.0,44.0,0.02,,,,,0.005282879359195875,0.014243504507354296,0.010903117632352376,0.02314662233340672,0.02031587887835063,0.06205228530127726,0.04585161073824556,4.384641048890584,0.0,0.0,0.0,1.5811388300841898,0.0,,,,
sine4,HST,0.28724815528752934,0.7506410745614035,0.994081590248346,0.3425100147138235,0.997068825910931,0.26383333333333336,0.5038659914919209,1044.0309137344361,100000.0,1200.0,2.0,44.0,,,25.0,15.0,,0.09923459901996982,0.10261238750067489,0.0005198957341291039,0.10550720352667044,0.001165410125327436,0.1037484939649728,0.10675880712070321,14.520027204811264,0.0,0.0,0.0,1.5811388300841898,,,0.0,0.0,
sine4,ILOF,0.3527989027355152,0.8028502901484481,0.9944792644402056,0.4047878128400436,0.9973076923076925,0.31,0.5560264243859141,419.05377011299134,100000.0,1200.0,2.0,44.0,,,,,,3.0860743205001874e-06,5.439798229156645e-06,0.0,0.0,0.0,0.0,0.0,7.229475823063066,0.0,0.0,0.0,1.5811388300841898,,,,,
sine4,LODA,0.011846303494608839,0.4398852757466575,0.9596345428690458,0.029075556247884094,0.9325661866926442,0.09674185463659148,0.29966600719131475,5068.679707956314,100000.0,1200.0,2.0,44.0,,,,,256.0,0.00018305872617580568,0.000753832100718617,0.005497853107045943,0.000586136343118942,0.010420584872162885,0.013668788863651818,0.019543776707113814,19.059599841947616,0.0,0.0,0.0,1.5811388300841898,,,,,0.0
sine4,PW-AE,0.03690880240173457,0.804478552631579,0.9422591689818294,0.08623760023789588,0.89915991902834,0.3716666666666667,0.5725038394284668,111.92312397956849,100000.0,1200.0,2.0,44.0,0.1,,,,,0.009141257570465716,0.028588265935125493,0.03348376226049529,0.026829821897376288,0.05977268518324768,0.095226338560062,0.05476214817855056,1.7818508473191277,0.0,0.0,0.0,1.5811388300841898,0.0,,,,
sine4,RRCF,0.06764127144267242,0.7858077226720648,0.984389857977822,0.16960860889095106,0.9779635627530364,0.26066666666666666,0.5048949519562397,10890.338118982316,100000.0,1200.0,2.0,44.0,,,,,,0.0034584485515092743,0.007040770845516252,0.0004218976035287786,0.00422596291795363,0.0008176922485581971,0.002236067977499769,0.0022329838744654653,38.47302382443538,0.0,0.0,0.0,1.5811388300841898,,,,,
sine4,xStream,0.0625879371453826,0.6991585382928476,0.9885186692181934,0.13831559391404896,0.9873846153846154,0.15083333333333332,0.384848424356282,437.3878147125244,100000.0,1200.0,2.0,44.0,,,,,,0.012544172793839781,0.07397666160602258,0.001986618194725319,0.00860795875460855,0.004194380099531786,0.02397191643940422,0.030575824710583493,4.611491015714651,0.0,0.0,0.0,1.5811388300841898,,,,,
sine5,AE,0.7067510709370957,0.91016307309346,0.9956250664218166,0.7129510167886001,0.998397148676171,0.6086666666666667,0.776728266595071,65.5748643875122,100000.0,1800.0,2.0,44.0,0.02,0.1,,,,0.13101028926269898,0.07118176165516091,0.0009975655703385329,0.08544332389243113,0.00022200993995268584,0.1145600818159581,0.07395240344704926,1.2426273785072048,0.0,0.0,0.0,1.5811388300841898,0.0,0.0,,,
sine5,DAE,0.20376984070021886,0.9476424224937767,0.9703018997129277,0.3016781561069346,0.9480488798370672,0.671888888888889,0.7971122235444954,105.8209454536438,100000.0,1800.0,2.0,44.0,0.02,,,,,0.03311030663830984,0.004755837735010176,0.006144376930481008,0.0290722247555131,0.012614593921629664,0.0659739473458657,0.03616664200080084,2.2309413715052764,0.0,0.0,0.0,1.5811388300841898,0.0,,,,
sine5,HST,0.7923934105116406,0.9388118341253676,0.9965056656010025,0.777541084256673,0.9982871690427698,0.7112222222222222,0.8341456750658203,1102.8216915607452,100000.0,1800.0,2.0,44.0,,,25.0,15.0,,0.21515127602490197,0.07694804798595314,0.002695581349345118,0.18331714189451898,0.0018159052947557398,0.21601447425211984,0.1343028198164757,8.559660802014939,0.0,0.0,0.0,1.5811388300841898,,,0.0,0.0,
sine5,ILOF,0.9463496369894969,0.9968658090065625,0.997964977258621,0.8837884950610111,0.9987678207739308,0.845,0.9186723074927052,434.5894144535065,100000.0,1800.0,2.0,44.0,,,,,,8.50015964318682e-07,5.1167318541498296e-08,0.0,0.0,0.0,0.0,0.0,3.2915213624583526,0.0,0.0,0.0,1.5811388300841898,,,,,
sine5,LODA,0.2724280566831583,0.9495573784782099,0.9782183126279191,0.3459110755967887,0.9640621969024064,0.6188091263216472,0.7722520090582486,5317.669430875778,100000.0,1800.0,2.0,44.0,,,,,256.0,0.003397564216232117,0.0006244458001690277,0.0008012995748823903,0.001546223316740202,0.001964320748191743,0.024183013453133857,0.014124742775177635,21.88829567645925,0.0,0.0,0.0,1.5811388300841898,,,,,0.0
sine5,PW-AE,0.14942721808226828,0.9378054016745871,0.9691203777283558,0.2889136472080403,0.9467983706720977,0.6255555555555555,0.7679783077512832,115.15954189300537,100000.0,1800.0,2.0,44.0,0.1,,,,,0.04060206862332663,0.01671853414182189,0.012676205404463695,0.05060576865626091,0.024845855065820176,0.07538890935887711,0.03922703340325919,2.0439758641104264,0.0,0.0,0.0,1.5811388300841898,0.0,,,,
sine5,RRCF,0.6419399994565748,0.9900593403484951,0.9925137484299258,0.6486348046339063,0.9896191446028514,0.7518888888888889,0.8625249168532404,11080.44482703209,100000.0,1800.0,2.0,44.0,,,,,,0.007833512728020532,0.0005497803155574986,0.00019437634424413475,0.006591369250031065,0.0006724294065407896,0.022074509068545238,0.012457417177409924,38.859474249164315,0.0,0.0,0.0,1.5811388300841898,,,,,
sine5,xStream,0.20774111086636687,0.9010468629780494,0.9800364998885989,0.24761614303834406,0.9719063136456212,0.381,0.5860312642589325,433.0312380313873,100000.0,1800.0,2.0,44.0,,,,,,0.058556953672493695,0.05219323089648812,0.008117372635126324,0.04857331432408825,0.019532039956585878,0.22611500133153592,0.17100963032256455,3.913857811005797,0.0,0.0,0.0,1.5811388300841898,,,,,
tree1,AE,0.021337340485679635,0.46013410268948657,0.06570840574178301,0.04713294303801096,0.034112469437652816,0.9776,0.1797222301257635,31.987793445587158,10475.0,250.0,50.0,44.0,0.02,0.1,,,,0.000627864455971122,0.006987300673729532,0.023362831694285918,0.00017875659478016053,0.012475553416573493,0.013446189051177308,0.0338984568564816,9.06618085303326,0.0,0.0,0.0,1.5811388300841898,0.0,0.0,,,
tree1,DAE,0.02173358868602577,0.4653724792176039,0.10654994558951056,0.04699807994458484,0.06276772616136919,0.9464,0.19170541055290022,46.22150478363037,10475.0,250.0,50.0,44.0,0.02,,,,,0.0008493297423389907,0.014539699491753247,0.15368445030751976,0.00017126727331299502,0.09663698797230845,0.0937485999895465,0.1387864750398034,6.729023416575954,0.0,0.0,0.0,1.5811388300841898,0.0,,,,
tree1,HST,0.02321020379957231,0.48621300733496337,0.3825077226927729,0.047964130178828154,0.31082640586797067,0.7072,0.29479760695387813,188.54949679374695,10475.0,250.0,50.0,44.0,,,25.0,15.0,,0.0012345265685317064,0.018665635349393125,0.40121989272342196,0.0018443722674449277,0.35974924596083985,0.3402751827565449,0.20924650675016984,81.9547444921763,0.0,0.0,0.0,1.5811388300841898,,,0.0,0.0,
tree1,ILOF,0.021211442931595176,0.4654520488997555,0.11595803423522914,0.04740182467274891,0.061613691931540336,0.9559999999999998,0.24269876284512154,47.62098078727722,10475.0,250.0,50.0,44.0,,,,,,2.5354854753346502e-08,3.272997659164369e-07,0.0,0.0,0.0,0.0,0.0,1.1461572701641463,0.0,0.0,0.0,1.5811388300841898,,,,,
tree1,LODA,0.022170701974604856,0.47804888110064975,0.15490727663423867,0.04797506021000158,0.10769847634322374,0.9152263374485596,0.19277723900852678,2071.431294345856,10475.0,250.0,50.0,44.0,,,,,256.0,0.0020912030791239863,0.033795478671164184,0.2679861662908276,0.0028394737706375944,0.19915101798921436,0.16101003824962304,0.21142257698203393,145.92147474915163,0.0,0.0,0.0,1.5811388300841898,,,,,0.0
tree1,PW-AE,0.0216815689201086,0.4646356185819071,0.16486546390444073,0.047022319021390244,0.1041760391198044,0.9064,0.2416542399338885,55.19374976158142,10475.0,250.0,50.0,44.0,0.1,,,,,0.0007869890530066415,0.014634144316593545,0.21247538887398348,0.0001356459739286556,0.14918853645390276,0.1479351209145414,0.15155437895025153,6.012104030049259,0.0,0.0,0.0,1.5811388300841898,0.0,,,,
tree1,RRCF,0.02241708962050271,0.4769813594132029,0.08197404676300099,0.04739707633652268,0.043051344743276286,0.9743999999999999,0.20060230652559968,1532.5704856872558,10475.0,250.0,50.0,44.0,,,,,,0.0003261754538454168,0.007555528913294521,0.034746777104014456,0.00025822955403350246,0.019152155922717032,0.023596609926004222,0.04107607730184815,115.78250162761364,0.0,0.0,0.0,1.5811388300841898,,,,,
tree1,xStream,0.023350896396444946,0.49516041075794615,0.361670974075082,0.04797373745199074,0.2551784841075795,0.7712,0.3724655195701966,243.03167691230774,10475.0,250.0,50.0,44.0,,,,,,0.0004029479178111816,0.006918047173258885,0.28097396339836744,0.000622216556615833,0.23753406835576482,0.2320068964492219,0.13226926238669393,39.056245707462764,0.0,0.0,0.0,1.5811388300841898,,,,,
tree2,AE,0.010567338621225901,0.5220392732772172,0.9048557519478677,0.022493450622054472,0.8348715499572166,0.2004,0.40006850918906245,85.64802384376526,50753.0,500.0,100.0,44.0,0.02,0.1,,,,0.0002933221562161931,0.0073191585235378035,0.040989165528569224,0.0015748746105880766,0.06791819939975646,0.07671245009775142,0.06269100126788466,18.368443252460406,0.0,0.0,0.0,1.5811388300841898,0.0,0.0,,,
tree2,DAE,0.010562094872256705,0.5190245040097109,0.9492954676150109,0.023906889159835198,0.9126499910453107,0.11400000000000002,0.31113801273410163,209.4788992881775,50753.0,500.0,100.0,44.0,0.02,,,,,0.0001828125329424679,0.0026214508728020208,0.029019740764246193,0.0023338977051522393,0.053773399656825115,0.057723478758647244,0.07710528544044361,36.53299202852482,0.0,0.0,0.0,1.5811388300841898,0.0,,,,
tree2,HST,0.009923586428655843,0.5005383041808449,0.8875194810576404,0.02051305484358704,0.813380295703739,0.2064,0.3629272411062557,576.3612162590027,50753.0,500.0,100.0,44.0,,,25.0,15.0,,0.0002255322339835967,0.008621365452679618,0.08734115733024522,0.0004756497452333569,0.14657249956630158,0.1547733827245499,0.15010028296125463,66.75183001466606,0.0,0.0,0.0,1.5811388300841898,,,0.0,0.0,
tree2,ILOF,0.010587864728522694,0.5225958490040397,0.9198989543695839,0.022375439052946536,0.8586950032833862,0.172,0.38431177520958476,270.25288105010986,50753.0,500.0,100.0,44.0,,,,,,5.345751378451212e-08,3.1913430357949353e-07,0.0,0.0,0.0,0.0,0.0,6.25785219854264,0.0,0.0,0.0,1.5811388300841898,,,,,
tree2,LODA,0.009905179145941037,0.5098177002212841,0.5254780169218426,0.020874994556454335,0.38807247710091597,0.6513131313131313,0.45015568724383226,11685.216246461869,50753.0,500.0,100.0,44.0,,,,,256.0,0.0004537415958339218,0.013147891734097689,0.22637757506639195,0.0011557931096128383,0.2475493824799601,0.24503060200469615,0.04495590001890537,531.7748700037304,0.0,0.0,0.0,1.5811388300841898,,,,,0.0
tree2,PW-AE,0.010567190637081425,0.5192388434521322,0.8439242005495944,0.0234751286160577,0.7638031560304858,0.27359999999999995,0.3771695983255764,86.48522300720215,50753.0,500.0,100.0,44.0,0.1,,,,,0.00022866097657898526,0.0036329366027991234,0.16861183029352486,0.0028570170336218977,0.2425522420580969,0.260481861172712,0.14219900378358521,2.035766349766673,0.0,0.0,0.0,1.5811388300841898,0.0,,,,
tree2,RRCF,0.010031452365829379,0.5038089188705153,0.8657700938530624,0.021316300573223153,0.7737289316060733,0.2556,0.42956810279780955,7513.261044883728,50753.0,500.0,100.0,44.0,,,,,,0.00015211616511421372,0.008949221803840604,0.06505232553017158,0.000357326269211607,0.10282832235185618,0.11053868101257587,0.07204490390979595,37.82754666632086,0.0,0.0,0.0,1.5811388300841898,,,,,
tree2,xStream,0.009829348825489134,0.4961068115336397,0.9170530873870142,0.021889254408479927,0.8553240602551092,0.16920000000000002,0.3719154875433832,401.88448452949524,50753.0,500.0,100.0,44.0,,,,,,0.0001353886508535178,0.0026396650311368538,0.03382433113162506,0.0014951999730287546,0.05991455168761123,0.06127968668327214,0.06599875741400454,7.84173886885904,0.0,0.0,0.0,1.5811388300841898,,,,,
tree3,AE,0.0071390938147095325,0.49347335624462013,0.7526762537978853,0.014991530791722055,0.6858551929013844,0.32853333333333334,0.34911107913575506,229.44872274398804,103756.0,750.0,150.0,44.0,0.02,0.1,,,,6.914139299724126e-05,0.0035733204802693343,0.3513163179150149,0.00033861014742869397,0.35112649479945957,0.3513246045721503,0.07717921993576457,14.546881925041589,0.0,0.0,0.0,1.5811388300841898,0.0,0.0,,,
tree3,DAE,0.007222140247074996,0.4930287581953155,0.6113169964297601,0.01529370475217138,0.5658680076888725,0.4469333333333333,0.26712211766026883,1422.3486693382263,103756.0,750.0,150.0,44.0,0.02,,,,,0.0001328383810650464,0.0068505993609045196,0.45786109528634483,0.0010199751902136107,0.46739754220231583,0.4673218258212309,0.09227459326556403,192.42622416757584,0.0,0.0,0.0,1.5811388300841898,0.0,,,,
tree3,HST,0.0073450188964593755,0.4977719848034742,0.5277437802079967,0.015214780146497747,0.44757586936683297,0.572,0.3336093712333379,1306.6127212524414,103756.0,750.0,150.0,44.0,,,25.0,15.0,,0.0004249448402448683,0.015207462539868698,0.41463791821822693,0.0008342743890299075,0.3922072939075991,0.38568265596356693,0.17227623991085292,413.4702320086038,0.0,0.0,0.0,1.5811388300841898,,,0.0,0.0,
tree3,ILOF,0.006912994023167943,0.48625927292261295,0.003179218765144906,0.014375802648981233,0.0015921402636739606,1.0,0.039901632343476386,538.4005216121674,103756.0,750.0,150.0,44.0,,,,,,4.348779263491843e-09,2.0178057290853949e-07,0.0,0.0,0.0,0.0,0.0,16.893948491138765,0.0,0.0,0.0,1.5811388300841898,,,,,
tree3,LODA,0.007221940022244635,0.4964138577116034,0.7652451579405353,0.01529022161310464,0.7150451090500336,0.2993324432576769,0.30776931642945465,19437.58689007759,103756.0,750.0,150.0,44.0,,,,,256.0,0.0002510414034155286,0.00841108669686941,0.3751251376439762,0.0007596781805648029,0.37743010476175937,0.37760988982838517,0.08139779980824192,682.0738481600717,0.0,0.0,0.0,1.5811388300841898,,,,,0.0
tree3,PW-AE,0.0072392439582813885,0.49157232005902574,0.6193703853519812,0.015678194752574905,0.5925732481603013,0.4224,0.22118354196390486,1287.1971351623536,103756.0,750.0,150.0,44.0,0.1,,,,,0.00015349940413671723,0.00568253118760285,0.4868550561346224,0.0012166294517275947,0.49999602677382904,0.5018848030729318,0.028071860059265166,158.47561081709108,0.0,0.0,0.0,1.5811388300841898,0.0,,,,
tree3,RRCF,0.0071247320387307035,0.49634324990777234,0.7147162032121288,0.01500355790510704,0.6211754655068636,0.3952,0.38618955075644795,16056.959831953049,103756.0,750.0,150.0,44.0,,,,,,0.00012657687861751378,0.005472560037420613,0.3106544146428205,0.0003499265943113099,0.3258667258561153,0.3266756461350888,0.11828813169873906,76.48949115329673,0.0,0.0,0.0,1.5811388300841898,,,,,
tree3,xStream,0.007068821113736037,0.4889311341086927,0.4984606632505756,0.015145766533178054,0.44592548006912214,0.5653333333333334,0.26022217735775033,1017.953370809555,103756.0,750.0,150.0,44.0,,,,,,8.579392184080971e-05,0.005760786632908883,0.44924614053999073,0.0010158943382301755,0.4709289029711354,0.4690728443784966,0.09792805615718055,153.57724546660071,0.0,0.0,0.0,1.5811388300841898,,,,,
tree4,AE,0.010031554770572295,0.4991775245555646,0.8166002280786474,0.020523807101828904,0.706873528695511,0.3068,0.4291014433986815,190.57615699768067,99552.0,1000.0,200.0,44.0,0.02,0.1,,,,8.610441639452852e-05,0.0022902419702212225,0.1074171254887878,0.0005426398357492315,0.16381299400099103,0.16361754184683253,0.11886965166857029,35.571142190358536,0.0,0.0,0.0,1.5811388300841898,0.0,0.0,,,
tree4,DAE,0.00997025679674059,0.49754996347106106,0.6062657340108184,0.020322347613367292,0.49992897150742754,0.5126,0.38686619120135257,1812.3746018886566,99552.0,1000.0,200.0,44.0,0.02,,,,,0.00022917526066676487,0.00660800900568741,0.3526111056559033,0.00031155451389812557,0.3113196280026679,0.3057659235428304,0.19508618242128137,370.6932241790693,0.0,0.0,0.0,1.5811388300841898,0.0,,,,
tree4,HST,0.00998659206940161,0.4953723039613605,0.6879221236879329,0.020488484897745303,0.5976986768406526,0.41719999999999996,0.38896460435153124,1762.872047328949,99552.0,1000.0,200.0,44.0,,,25.0,15.0,,0.00013719791637074083,0.004045028677797376,0.35003401932926126,0.0002961837550068633,0.32855949324757155,0.324969537033858,0.12577642577482234,420.35477299777256,0.0,0.0,0.0,1.5811388300841898,,,0.0,0.0,
tree4,ILOF,0.010141019639253715,0.5009766600373406,0.43355368494475366,0.020262674453675522,0.2775083204805585,0.739,0.45285610168698487,906.8048486709595,99552.0,1000.0,200.0,44.0,,,,,,6.157918777390821e-08,4.260123197715819e-06,0.0,0.0,0.0,0.0,0.0,86.30149727240558,0.0,0.0,0.0,1.5811388300841898,,,,,
tree4,LODA,0.010250126750160727,0.5005010387007305,0.5602699628907489,0.021341253544449556,0.5307615617815216,0.48256513026052106,0.20901142842827217,27490.117399692535,99552.0,1000.0,200.0,44.0,,,,,256.0,0.0003130168581783067,0.013643109739426033,0.5105448763065525,0.001433260420450335,0.4881353725275453,0.47696790619561424,0.18094866050875702,384.75374114818914,0.0,0.0,0.0,1.5811388300841898,,,,,0.0
tree4,PW-AE,0.010012552212022458,0.4999574052276971,0.6680066670254354,0.02057233932738215,0.5511506615796737,0.46579999999999994,0.43310964867146595,1139.7615430831909,99552.0,1000.0,200.0,44.0,0.1,,,,,0.0002357997627299049,0.006430580415648404,0.266226403688556,0.0005267099875362978,0.2918797507725844,0.2874712159503974,0.05048035756807886,136.07521130528121,0.0,0.0,0.0,1.5811388300841898,0.0,,,,
tree4,RRCF,0.010228503958949628,0.4989623609870931,0.6521047377938253,0.02045399680387802,0.5649423654517411,0.4492,0.3404102423688791,21544.485797739027,99552.0,1000.0,200.0,44.0,,,,,,0.00017409107974785632,0.007011475026129133,0.3775414993596796,0.0003911226888843142,0.35359551014203283,0.3491055714250347,0.22127559984134862,450.9566942135207,0.0,0.0,0.0,1.5811388300841898,,,,,
tree4,xStream,0.010186832188953561,0.49874708884649727,0.784477454740648,0.02081240682075914,0.6981065833265687,0.31779999999999997,0.39220384272655767,1064.8731713294983,99552.0,1000.0,200.0,44.0,,,,,,0.00012440550625345074,0.004549863830214206,0.25436560107805606,0.0007528440320430708,0.2863969784157461,0.28476077679343414,0.05912913595165959,117.93011044898402,0.0,0.0,0.0,1.5811388300841898,,,,,
tree5,AE,0.01281012955168564,0.5036247562959455,0.7378684095868433,0.025993735593570617,0.5904721701707061,0.43152,0.502311108649142,200.3194742679596,98376.0,1250.0,250.0,44.0,0.02,0.1,,,,0.00014632542177803938,0.0024652427239615924,0.043159225684982226,0.0003805276593150685,0.05687442357640153,0.05292893348632675,0.009815657797461448,20.843377270158953,0.0,0.0,0.0,1.5811388300841898,0.0,0.0,,,
tree5,DAE,0.013005014462062512,0.5071867553487224,0.8065509123438664,0.026655757976331608,0.7100343883203262,0.3128,0.4155639239332357,1964.3641294956208,98376.0,1250.0,250.0,44.0,0.02,,,,,0.00018753993151575534,0.004998638900749116,0.17850380558996243,0.0007038317172964194,0.23399144741465483,0.23401401667421545,0.08370103591588599,364.71136165293154,0.0,0.0,0.0,1.5811388300841898,0.0,,,,
tree5,HST,0.012622366154924406,0.4954562452896238,0.19277899884691113,0.02522069752700063,0.14177460206329923,0.86288,0.22126220563720983,1930.5680363178253,98376.0,1250.0,250.0,44.0,,,25.0,15.0,,0.00035910456048580817,0.00584418832414922,0.3097887792856313,0.0001941469233134106,0.25188652601865735,0.24579705449821812,0.17265328711799893,592.7985245473566,0.0,0.0,0.0,1.5811388300841898,,,0.0,0.0,
tree5,ILOF,0.012798072910398871,0.5010542034058851,0.29387076752680646,0.02554760418692143,0.17258818442023763,0.8448,0.38184093308269207,975.36747879982,98376.0,1250.0,250.0,44.0,,,,,,1.9393133735646043e-08,6.024474880511637e-07,6.688196655033408e-06,1.3820326074209602e-07,4.604468376130491e-06,0.0,5.0935996585024016e-06,24.022017507112686,0.0,0.0,0.0,1.5811388300841898,,,,,
tree5,LODA,0.012520750183085266,0.49594803228418494,0.5004340375018417,0.025418850020090433,0.3923820141211446,0.6220257234726688,0.38806076143081825,45763.996580457686,98376.0,1250.0,250.0,44.0,,,,,256.0,0.0002900089839160607,0.005090996323110127,0.33669213301960554,0.00023843784552779736,0.31668695142121717,0.31683571434337904,0.12854949863723497,1045.6109259062687,0.0,0.0,0.0,1.5811388300841898,,,,,0.0
tree5,PW-AE,0.01306483451423377,0.5084370751395095,0.8034784872749853,0.026584892550897778,0.6961163849020859,0.32784,0.4387947382089493,1484.3102397918701,98376.0,1250.0,250.0,44.0,0.1,,,,,0.00022507328149019422,0.005193501078318514,0.14275305577772682,0.0008187889890740289,0.195264209339063,0.19505191103908723,0.08078690163174643,209.58802404231506,0.0,0.0,0.0,1.5811388300841898,0.0,,,,
tree5,RRCF,0.012720949520552333,0.4962027568313325,0.49110889743704894,0.02581645465540252,0.3931491052859173,0.62032,0.35571119353107017,18841.004008340835,98376.0,1250.0,250.0,44.0,,,,,,0.00039374165595940775,0.006335247073422259,0.3561370067227776,0.000991691223968793,0.35237536341025855,0.3474075877121857,0.15586850240181085,240.2564124001475,0.0,0.0,0.0,1.5811388300841898,,,,,
tree5,xStream,0.012730887740860583,0.49440499310174413,0.5239211445837272,0.02533227111499987,0.42391120812140937,0.58544,0.37700363849100577,1244.2576459407805,98376.0,1250.0,250.0,44.0,,,,,,0.00010610171868068589,0.002178088565131845,0.3569684721417343,0.00015918075608116255,0.3459723336700365,0.3419241553327287,0.11940723181299882,122.04544237897619,0.0,0.0,0.0,1.5811388300841898,,,,,
