dataset,model,PR-AUC,ROC-AUC,F1_0,F1_1,Recall_0,Recall_1,Geo-Mean,runtime,RAMHours,subsample,seed,lr,latent_dim,n_trees,height,window_len,PR-AUC_std,ROC-AUC_std,F1_0_std,F1_1_std,Recall_0_std,Recall_1_std,Geo-Mean_std,runtime_std,RAMHours_std,subsample_std,seed_std,lr_std,latent_dim_std,n_trees_std,height_std,window_len_std
annthyroid,AE,0.13300360197746186,0.6182367113115805,0.8725121592058962,0.18564244600045937,0.8169216921692168,0.33295880149812734,0.5173941840076424,3.50317120552063,3.332492782980189e-08,600000.0,44.0,0.02,0.1,,,,0.007273961435163077,0.007713442427833498,0.03528847696316468,0.009377028218418602,0.06329589626534336,0.06622703589648427,0.034917876309164306,0.2322580675545469,2.2159043433400325e-09,0.0,1.5811388300841898,0.0,0.0,,,
annthyroid,DAE,0.12947202197121535,0.6102390576136265,0.8578648309561766,0.18335753541186078,0.7906690669066907,0.36142322097378277,0.5329083964886758,5.7528809070587155,5.8945462061150205e-08,600000.0,44.0,0.02,,,,,0.013273629858165258,0.02269064766113052,0.030347511214649667,0.01415361724666249,0.05067983241288619,0.042948857457601894,0.01765134642922216,0.48086504552480525,4.888489697535242e-09,0.0,1.5811388300841898,0.0,,,,
annthyroid,HST,0.12458059256823,0.6238930353709529,0.881303848848799,0.19158667282916836,0.8306330633063306,0.32921348314606746,0.5215176070627914,201.45800380706788,0.0085414594429841,600000.0,44.0,,,25.0,15.0,,0.0060484802667627804,0.010534057365550905,0.018917459426614713,0.00813030104513223,0.034347047648076424,0.04075777198202742,0.023164276404679704,6.982124497222111,0.00022255091390782479,0.0,1.5811388300841898,,,0.0,0.0,
annthyroid,ILOF,0.19045284671343143,0.6565584929279444,0.9271523178807947,0.24228028503562943,0.9135913591359136,0.28651685393258425,0.511624199974567,23.54770083427429,3.842518914298962e-06,600000.0,44.0,,,,,,0.0,0.0,0.0,0.0,0.0,0.0,0.0,0.23549101287854954,3.898809616037717e-08,0.0,1.5811388300841898,,,,,
annthyroid,LODA,0.16297801050024094,0.6988830647536118,0.9234309634673643,0.24969950628451762,0.9052729818012132,0.3118446601941748,0.529646701821785,262.9778240680695,5.805815134987766e-06,600000.0,44.0,,,,,256.0,0.0036360908191878493,0.003195664566162759,0.011443630831286,0.005012011846742678,0.023977934925418904,0.04697664890628051,0.03323251465996963,9.603008524915651,2.1158151357662403e-07,0.0,1.5811388300841898,,,,,0.0
annthyroid,PW-AE,0.1267357011469103,0.5881511184826348,0.8416317757345345,0.17132174585793097,0.7668466846684668,0.3588014981273408,0.5204578425276056,5.9059830665588375,6.076664794552045e-08,600000.0,44.0,0.1,,,,,0.01679810517765451,0.020736663322945444,0.049586507088898155,0.01745685818349354,0.08163927472476597,0.06252550714621806,0.01987215135600419,0.20577922449838862,2.1155384383096564e-09,0.0,1.5811388300841898,0.0,,,,
annthyroid,RRCF,0.18937267063627158,0.7301823440771044,0.9052102813561502,0.2671464351786258,0.865976597659766,0.41198501872659177,0.596379152568119,732.8047563552857,0.003500466307015783,600000.0,44.0,,,,,,0.0033540521308521643,0.006367784939222506,0.010785611611875578,0.005887945277559577,0.02150207462593436,0.040533447232047486,0.023021084446591393,26.478921242313223,0.00012673477856564924,0.0,1.5811388300841898,,,,,
annthyroid,xStream,0.09036648882302582,0.5702299162500519,0.7685103716210719,0.16302227655776344,0.6553855385538554,0.4704119850187266,0.547066884581406,25.475549745559693,6.041502591537808e-06,600000.0,44.0,,,,,,0.004896269999566882,0.01113814458329625,0.06937921345412441,0.005111380734861268,0.09925062109957233,0.10912478480739464,0.02307739814964968,0.2533591627725859,4.7237789785324296e-07,0.0,1.5811388300841898,,,,,
arrhythmia,AE,0.3959159899501065,0.6337337101585806,0.9111935963774215,0.39992760071305217,0.9295336787564766,0.35454545454545455,0.5719325935189131,0.4665860176086426,4.457436206608792e-09,600000.0,44.0,0.02,0.1,,,,0.010217791761052834,0.008635177127082071,0.010772914854622062,0.016423383482094468,0.028284650909753708,0.058289042611125275,0.037996743570953125,0.030346279515912192,2.8990711239777215e-10,0.0,1.5811388300841898,0.0,0.0,,,
arrhythmia,DAE,0.4071678644417792,0.647848955880044,0.9217830300136871,0.45001651354912225,0.9455958549222798,0.38181818181818183,0.5995257387736712,1.0033053398132323,1.0334474088935509e-08,600000.0,44.0,0.02,,,,,0.02402328934892063,0.019737957703988892,0.013332802546162287,0.03583654664908946,0.029137880516067315,0.0471891257648407,0.03369034116861408,0.0650791526328745,6.703431048612972e-10,0.0,1.5811388300841898,0.0,,,,
arrhythmia,HST,0.22637347463074367,0.5324854765269273,0.88992928606608,0.29265816366611086,0.9020725388601036,0.2696969696969697,0.49211877474007315,119.05587329864503,0.006298703907590362,600000.0,44.0,,,25.0,15.0,,0.033205404960533355,0.006149059473932593,0.01305027626769408,0.02405528621610432,0.026571774932555598,0.03455077045754963,0.02748813762090497,2.1504177258384254,0.00015684982677669173,0.0,1.5811388300841898,,,0.0,0.0,
arrhythmia,ILOF,0.3875670532975034,0.7724132516878631,0.8792401628222523,0.46706586826347307,0.8393782383419689,0.5909090909090909,0.7042699991817961,1.2305119037628174,1.79149966155497e-07,600000.0,44.0,,,,,,0.0,0.0,0.0,0.0,0.0,0.0,0.0,0.1342321865724209,2.015042460794224e-08,0.0,1.5811388300841898,,,,,
arrhythmia,LODA,0.3900112041840228,0.8104166666666666,0.9026120792156205,0.52916145176296,0.8726190476190476,0.6357142857142858,0.7436574100461932,11.184932947158813,8.677872649561398e-07,600000.0,44.0,,,,,256.0,0.04004207768314963,0.017063442036486586,0.007833989028703246,0.015430728711599496,0.021707836343822014,0.063887656499994,0.028996466923246162,0.05979507614069954,4.639223661610098e-09,0.0,1.5811388300841898,,,,,0.0
arrhythmia,PW-AE,0.33190020411506005,0.6853352174595699,0.8352025986482765,0.3570806085463486,0.7860103626943006,0.48484848484848475,0.6080349889611008,1.0282534599304198,1.0638268139197116e-08,600000.0,44.0,0.1,,,,,0.019020211976724134,0.018801714723010586,0.06409657625378533,0.02127892244895695,0.11254680360137255,0.11978324470334768,0.03267223122202556,0.013143453021369895,1.359816260922057e-10,0.0,1.5811388300841898,0.0,,,,
arrhythmia,RRCF,0.2919364100963281,0.726055895745015,0.8751250960795973,0.42779204803680554,0.8414507772020725,0.5242424242424242,0.663663126391522,84.91007490158081,0.00271915373552093,600000.0,44.0,,,,,,0.006364124189141572,0.004890616207635239,0.010235983393335396,0.010122012960785305,0.021472917912022892,0.03319530651546459,0.014572067280742541,1.3599330219032513,4.80822909051472e-05,0.0,1.5811388300841898,,,,,
arrhythmia,xStream,0.15337011360121172,0.5373174752708432,0.4267441983734036,0.2840089385720165,0.27979274611398963,0.8636363636363636,0.48754150241239697,6.761087703704834,1.1256722712579246e-05,600000.0,44.0,,,,,,0.011038403081610488,0.02125558724566116,0.06381537590726162,0.0067001489770117445,0.05622418242023499,0.07344969480933831,0.029584751546965216,0.39321572377520625,6.846590344609574e-07,0.0,1.5811388300841898,,,,,
breastw,AE,0.2053026352123024,0.06173621320064835,0.003595505617977528,0.5188885041959013,0.0018018018018018018,1.0,0.03796631983009996,0.34145097732543944,3.202021765957852e-09,600000.0,44.0,0.02,0.1,,,,0.003145093482102131,0.0323398444564929,0.0020099487438200356,0.00025174006685300146,0.001007237827702608,0.0,0.021223817998900444,0.025351477560546457,2.2281365491936155e-10,0.0,1.5811388300841898,0.0,0.0,,,
breastw,DAE,0.20580194784545552,0.05206377926043197,0.002696629213483146,0.5187759226154727,0.0013513513513513514,1.0,0.028474739872574973,0.5042358875274658,5.1896710128297564e-09,600000.0,44.0,0.02,,,,,0.004884262235567633,0.024657437367262114,0.0024616744157535553,0.0003083173558019956,0.001233609363750374,0.0,0.025993762245501817,0.05358880259647492,5.515439545782692e-10,0.0,1.5811388300841898,0.0,,,,
breastw,HST,0.731880015931271,0.6699658863884805,0.8898914592893664,0.7250258237644017,0.9774774774774775,0.5924686192468619,0.7609906293715234,65.12075634002686,0.0018200542212774052,600000.0,44.0,,,25.0,15.0,,0.0016874216226900362,0.00047655163977162714,0.001334549849009976,0.004197272968701586,0.0027584343950260697,0.006345502463641443,0.0036149887701356722,3.177806265246533,9.078638305028012e-05,0.0,1.5811388300841898,,,0.0,0.0,
breastw,ILOF,0.2698485614870262,0.38054581778431146,0.1218487394957983,0.5303370786516854,0.06531531531531531,0.9874476987447698,0.2539595593808139,1.912199115753174,2.6140192409713275e-07,600000.0,44.0,,,,,,0.0,0.0,0.0,0.0,0.0,0.0,0.0,0.08101893690488297,1.2132406356729264e-08,0.0,1.5811388300841898,,,,,
breastw,LODA,0.8410000973534689,0.8998264147200317,0.8753911116882268,0.7583704700187204,0.8636363636363636,0.7801418439716312,0.8189466808599605,15.49163885116577,3.522926893842914e-07,600000.0,44.0,,,,,256.0,0.008048972582462054,0.007294325785854883,0.014711976879446283,0.009166182788709377,0.05227243492211905,0.07145192084968045,0.014318121113929936,0.573102484874074,1.303282484370041e-08,0.0,1.5811388300841898,,,,,0.0
breastw,PW-AE,0.2072704528302768,0.05524520336235818,0.000898876404494382,0.5185507594546153,0.00045045045045045046,1.0,0.00949157995752499,0.588719367980957,6.085992776405647e-09,600000.0,44.0,0.1,,,,,0.005890851451296909,0.030365469299391212,0.0020099487438200356,0.00025174006685300146,0.0010072378277026079,0.0,0.021223817998900444,0.07573051362349145,7.828778598650876e-10,0.0,1.5811388300841898,0.0,,,,
breastw,RRCF,0.4323205988924955,0.6941742998228354,0.6498416646311037,0.6626762877103377,0.49099099099099097,0.9640167364016736,0.6876559889260345,52.812982130050656,0.00021430704346276315,600000.0,44.0,,,,,,0.01006930651456539,0.01190612956539495,0.01770986757495933,0.0032892101422567583,0.024825909555234914,0.01885168255409007,0.010769761925149064,1.2293043553103573,5.844909129875068e-06,0.0,1.5811388300841898,,,,,
breastw,xStream,0.7224671159305933,0.9016302913792453,0.8640987950947855,0.8109077814121329,0.773873873873874,0.9682008368200836,0.8655503055547197,2.5155187129974363,1.203997760443048e-06,600000.0,44.0,,,,,,0.01164969244906785,0.005961225990475643,0.011499217596226522,0.011942137697450063,0.01784829978032332,0.00760079586802716,0.010577607004327708,0.15719352444530424,6.450391570468533e-08,0.0,1.5811388300841898,,,,,
cardio,AE,0.35739818963709535,0.6898111782477342,0.9449761359543528,0.42310125055546755,0.9545619335347432,0.3840909090909091,0.6026763667219598,1.016737937927246,9.713202552398394e-09,600000.0,44.0,0.02,0.1,,,,0.08424387820279125,0.07839155401674101,0.009925524898360658,0.043556815771038135,0.023442239935480814,0.07414718303527192,0.054511318863887846,0.04513874234674085,4.312239477049889e-10,0.0,1.5811388300841898,0.0,0.0,,,
cardio,DAE,0.235085949490578,0.715466904696512,0.8690836009563853,0.3315085736675421,0.8172809667673716,0.5011363636363637,0.6297024734610244,1.63647518157959,1.6842846816602886e-08,600000.0,44.0,0.02,,,,,0.0650690450706157,0.07179917533605107,0.0788962311558558,0.06815738413045701,0.1337925905254337,0.12637416159566897,0.04779621602119728,0.05273546076774275,5.427612331136735e-10,0.0,1.5811388300841898,0.0,,,,
cardio,HST,0.3596717127976583,0.7488629497390826,0.9256015862929038,0.42367315442458625,0.9097280966767372,0.48409090909090907,0.6619856068067081,85.93960428237915,0.00337990636283187,600000.0,44.0,,,25.0,15.0,,0.05899922651052602,0.021052727036349715,0.02429756633073249,0.05496135330527884,0.0483092812786635,0.05320924894746887,0.023127337892813307,1.1911296670620999,1.8086254807307465e-05,0.0,1.5811388300841898,,,0.0,0.0,
cardio,ILOF,0.26644051050773354,0.8031543531996703,0.8677004289013526,0.3645007923930269,0.7945619335347432,0.6534090909090909,0.7205372930403438,5.605169773101807,1.3187469837579889e-06,600000.0,44.0,,,,,,3.9940738393527815e-07,1.5353391770567877e-06,0.0,0.0,0.0,0.0,0.0,0.13610666459386905,1.8140392316925295e-07,0.0,1.5811388300841898,,,,,
cardio,LODA,0.5326941439771733,0.9150201907056864,0.9377485390742233,0.5395722722283256,0.9124824684431978,0.6791946308724832,0.7862481961125823,56.12931017875671,1.4158256195872337e-06,600000.0,44.0,,,,,256.0,0.024723647007992074,0.00388117755305564,0.0060566246949125225,0.014311519522243826,0.01635911265779361,0.06426853487180735,0.03155951959065225,2.250697222222519,5.6772384677595835e-08,0.0,1.5811388300841898,,,,,0.0
cardio,PW-AE,0.3304158363020945,0.818779181543532,0.8975467978529592,0.410630993183969,0.8480966767371602,0.6181818181818182,0.7234132513503747,1.7524610996246337,1.811638307369634e-08,600000.0,44.0,0.1,,,,,0.05824964309262836,0.041285656088965686,0.026833051073041493,0.047476758044704886,0.04548930067739364,0.03819940071357185,0.025183806267796417,0.038621777314187304,3.9925959723766695e-10,0.0,1.5811388300841898,0.0,,,,
cardio,RRCF,0.3538079364935828,0.8652636638286184,0.9095839690927576,0.4664876315771408,0.860785498489426,0.7022727272727273,0.7764144131747578,221.86166181564332,0.0013994431488803679,600000.0,44.0,,,,,,0.014623838844641527,0.007638166200166245,0.010116489812318491,0.014221712145469493,0.022699258604992084,0.06633385851225573,0.02692900805441253,8.690541763563125,5.554805846320755e-05,0.0,1.5811388300841898,,,,,
cardio,xStream,0.2437428558119044,0.7966084180170283,0.8728156801191957,0.3609940038900991,0.8158308157099698,0.5863636363636363,0.6766193853319402,7.605857181549072,3.843163714149907e-06,600000.0,44.0,,,,,,0.042352424105722965,0.03143240326160684,0.0739922973698401,0.048560257836552004,0.12482819218468524,0.1852656123176614,0.06776278639792523,0.1198415371224096,2.5912200536651203e-07,0.0,1.5811388300841898,,,,,
covertype,AE,0.27630003032152933,0.9648393047030094,0.9927970467207698,0.38307821167662814,0.9908563683149725,0.4602839461230433,0.6748194390556173,127.21234178543091,1.214434131962921e-06,600000.0,44.0,0.02,0.1,,,,0.014416757430798148,0.0021057272400611254,0.0005912914023202069,0.015828793803225216,0.001461928436753772,0.03993150385227085,0.028634045447471633,1.2859145001946877,1.2326801521754201e-08,0.0,1.5811388300841898,0.0,0.0,,,
covertype,DAE,0.5056733074609566,0.9842589462106461,0.9955375766299654,0.5421742015662986,0.9954931327457368,0.544448489261012,0.7359230634914974,224.70335235595704,2.311984314824045e-06,600000.0,44.0,0.02,,,,,0.013166878204270673,0.001480933588597481,0.0003524007404647968,0.007032851123175404,0.001009429462968162,0.03316962424717351,0.021960732717205764,6.114413732829929,6.289811014069761e-08,0.0,1.5811388300841898,0.0,,,,
covertype,HST,0.1624853869472933,0.9267275790505091,0.9898294249408179,0.2506037365981892,0.9860551145248341,0.34961776483436474,0.580756780511474,5947.927303647995,0.2797697292434158,600000.0,44.0,,,25.0,15.0,,0.031236803155095465,0.014680437801041555,0.0025201652836252283,0.060876673275086536,0.005572115363134233,0.10575583307147737,0.09456410004625741,31.519879516119897,0.0028558903048404387,0.0,1.5811388300841898,,,0.0,0.0,
covertype,ILOF,0.3394650730849694,0.9340199390217915,0.9940050628621059,0.3955144179423283,0.9937875263412413,0.40444120859119037,0.6339784130680642,777.9028970241546,0.000175669804650312,600000.0,44.0,,,,,,1.0357541739981475e-07,9.194502035849567e-09,0.0,0.0,0.0,0.0,0.0,16.920073998832105,4.053654002844708e-06,0.0,1.5811388300841898,,,,,
covertype,LODA,0.19659459633509102,0.946291147322712,0.991095115644814,0.2915435194780593,0.9882937342118744,0.3763378230797233,0.6097713094837383,10178.773950004577,0.00023357416075021393,600000.0,44.0,,,,,256.0,0.0028726749078477765,0.0013745046229557453,0.00044624570725661716,0.0027763978470870675,0.0010160040269891302,0.014128064280552579,0.011172003182668295,102.06061000780504,2.3418252026527794e-06,0.0,1.5811388300841898,,,,,0.0
covertype,PW-AE,0.4370139525991167,0.9809075490458516,0.9949161154614001,0.4724937142085871,0.9949269504872909,0.4745540589734256,0.6849778865953084,253.5549499988556,2.6202067238182045e-06,600000.0,44.0,0.1,,,,,0.051493629130155295,0.003207540056534257,0.00024809082277874603,0.05338487613292747,0.0006079402426177113,0.08234788397657404,0.0604218374333701,5.446221859808697,5.622413564313346e-08,0.0,1.5811388300841898,0.0,,,,
covertype,RRCF,0.3015332964394492,0.9673568730572553,0.9924561341194746,0.3809518009159981,0.9900148605193768,0.4776119402985074,0.6875036689387904,45192.397374391556,0.23510192590157447,600000.0,44.0,,,,,,0.008036860005908097,0.0019682395371023367,0.00029356027241563383,0.008480604738040175,0.0007188673429923242,0.02059445276289997,0.014684299886224767,4669.518781092231,0.024386925922737706,0.0,1.5811388300841898,,,,,
covertype,xStream,0.03706532589404311,0.762438210721082,0.9829041846089106,0.08759504171738439,0.9743142452726958,0.16199490353112486,0.39225838450493183,934.0722421169281,0.0002410368192820314,600000.0,44.0,,,,,,0.00983543330499478,0.02292094545957652,0.006979106431005277,0.01808194326471432,0.013949157186730527,0.05373595516308587,0.06620055300293892,63.26060883390811,9.993252703359925e-06,0.0,1.5811388300841898,,,,,
creditcard,AE,0.23040789905840767,0.9401184418576156,0.9987993725571129,0.36513892576650686,0.9986395371331094,0.39878048780487807,0.6308719518821371,184.93496403694152,1.765989171017976e-06,600000.0,44.0,0.02,0.1,,,,0.007072322913967243,0.0016085892843396973,7.534082564690624e-05,0.009913064793724597,0.0001798846863303268,0.021767903634943568,0.017174199503387645,9.107546154209889,8.703408828761213e-08,0.0,1.5811388300841898,0.0,0.0,,,
creditcard,DAE,0.24684782067002745,0.9435898563213339,0.9987820363827723,0.37725185521810417,0.9985551237184109,0.4276422764227642,0.6521828866008288,271.01274437904357,2.7885249095470267e-06,600000.0,44.0,0.02,,,,,0.01703282041833203,0.0012987234090796548,0.00012855893260115225,0.013478679385319006,0.0003571794129226299,0.06064612879703011,0.04562122425903823,7.083096546233373,7.287279274982897e-08,0.0,1.5811388300841898,0.0,,,,
creditcard,HST,0.13839250806992043,0.9205591352143057,0.9989694474859325,0.2591288369345239,0.9993078099994724,0.20853658536585368,0.45593278079558963,6044.7475843429565,0.28640146720520354,600000.0,44.0,,,25.0,15.0,,0.017670106557186517,0.009657928850002816,5.696239387021603e-05,0.022646909952487092,0.00012361434401412025,0.02293237838628998,0.025412537302626804,122.02049015207945,0.006518849277360387,0.0,1.5811388300841898,,,0.0,0.0,
creditcard,ILOF,0.12669831169054505,0.9219621329199592,0.998095513014581,0.26990553306342785,0.997221391766175,0.40650406504065034,0.636690308940261,997.011827659607,0.00021404366609812454,600000.0,44.0,,,,,,1.0467148345291314e-07,2.0710650305987443e-07,0.0,0.0,0.0,0.0,0.0,39.136852512046445,8.620167285230502e-06,0.0,1.5811388300841898,,,,,
creditcard,LODA,0.2541890351313571,0.9468590788865374,0.9989680112173153,0.32701148151876447,0.9991677785248839,0.2886178861788618,0.536670783987742,10934.755679750442,0.0002961894378901175,600000.0,44.0,,,,,256.0,0.009519380887871682,0.002618974717384782,0.0001226288712898679,0.014229642190843234,0.00027829610817300683,0.022587510946029333,0.02114764964069607,90.65010157050834,2.4555606320884753e-06,0.0,1.5811388300841898,,,,,0.0
creditcard,PW-AE,0.25883555733902597,0.9451585947053746,0.9986685189935487,0.3806197760881196,0.9982519388706189,0.47195121951219515,0.6863099058884525,277.91652555465697,2.8721789763741516e-06,600000.0,44.0,0.1,,,,,0.012552897601987401,0.0010754565532452214,8.693814370159251e-05,0.010757911791265356,0.00019426105442107086,0.015638523627375063,0.011346803815659974,7.320298805703121,7.562058931537544e-08,0.0,1.5811388300841898,0.0,,,,
creditcard,RRCF,0.10226854708992512,0.9504769043381833,0.9979723001031072,0.19399467324038908,0.9971876264002955,0.283739837398374,0.5287591251414577,43616.58216552735,0.31613949236228606,600000.0,44.0,,,,,,0.007802492038888339,0.000998700723996536,0.00042146928497078764,0.009309535178677275,0.000963497077233662,0.07247011003466723,0.06422957198339951,417.4143092506503,0.003035117526297599,0.0,1.5811388300841898,,,,,
creditcard,xStream,0.005049387139348632,0.7102137150638341,0.9904217954025508,0.02682782141898458,0.9827374566941597,0.08821138211382114,0.2876631583181759,1109.968011379242,0.0003790998194068197,600000.0,44.0,,,,,,0.0013216259990634514,0.021480047575440944,0.010285659758964397,0.01716228171164199,0.02007762499769884,0.04431174004747239,0.06385649213072304,8.49921918746603,4.4707529125480175e-06,0.0,1.5811388300841898,,,,,
http,AE,0.005943558872165251,0.6805347584725351,0.7814803754545584,0.018668061937150753,0.6579716144188704,0.772139303482587,0.634616641916468,405.3184160232544,3.8704412072334545e-06,600000.0,44.0,0.02,0.1,,,,0.0011230688172082855,0.050147890865098854,0.12618312725604552,0.0036191935911115123,0.19296257308855166,0.40775386117932816,0.24034236000847434,7.087612579869768,6.777769049452289e-08,0.0,1.5811388300841898,0.0,0.0,,,
http,DAE,0.008529277226104658,0.7353709744124028,0.9950570936783336,0.031920771495506,0.993876031113399,0.041429217548620535,0.20267192754983654,629.3589866638183,6.475350102878647e-06,600000.0,44.0,0.02,,,,,0.0007281760378127164,0.024658029011465053,0.000726969107840226,0.0017153844612583843,0.0014611829243782435,0.004619057958095624,0.010866251566188746,5.824318349079586,5.979541265904118e-08,0.0,1.5811388300841898,0.0,,,,
http,HST,0.006119482871688865,0.18978777931430668,0.9932303395841652,0.06378484790960157,0.9900181677625701,0.10538218000904567,0.3211767746529214,11492.107434177398,0.5445417305000699,600000.0,44.0,,,25.0,15.0,,0.0022558347792878694,0.004313341042231958,0.0030123389684762144,0.024180845404775792,0.005984740430539981,0.023596919874709337,0.03768785352430328,57.01618800135017,0.003384412465218892,0.0,1.5811388300841898,,,0.0,0.0,
http,ILOF,0.2974555738297201,0.4260278685685049,0.9985336751224734,0.4303363074811256,0.999865555018955,0.2835820895522388,0.5324884631272158,1798.2299954891205,0.0003450231436581708,600000.0,44.0,,,,,,6.827456388530279e-08,1.0165550736316796e-06,0.0,0.0,0.0,0.0,0.0,79.64841693985012,1.5188386241436176e-05,0.0,1.5811388300841898,,,,,
http,LODA,0.003098070810905031,0.38949903319025636,0.7805421567072915,0.010344571679110808,0.6413807384019637,0.48168249660786977,0.555806648783326,19324.08402543068,0.0004154490695004118,600000.0,44.0,,,,,256.0,1.5896308539485893e-05,0.0014377685547497297,0.0032535795674350164,3.611376375457223e-05,0.004402507678360183,0.005621801399663539,0.0015295273902660874,38.22940960290105,8.215279175981909e-07,0.0,1.5811388300841898,,,,,0.0
http,PW-AE,0.002057241875408739,0.06512811365504209,0.5978536522586383,0.007910237883942687,0.5959931857622764,0.4066033469018544,0.07730549824516483,667.2604906082154,6.895947680645166e-06,600000.0,44.0,0.1,,,,,1.7421247838045217e-05,0.03436155189819047,0.5426513284516321,0.00015574046341868463,0.5425023542902194,0.540250865231572,0.04856439694573715,5.50912741816613,5.6918627488881594e-08,0.0,1.5811388300841898,0.0,,,,
http,RRCF,0.00495850528746468,0.12194808466856144,0.9963927221984777,0.03032434314447286,0.9965826208633844,0.028855721393034828,0.16945929775005555,53803.32067770958,0.20861222079675437,600000.0,44.0,,,,,,0.00014593209232980863,0.001588792757098084,0.0002770980281019399,0.00047649585892123867,0.000561456662002375,0.0023804065792746762,0.007036316914231239,439.6586846605387,0.0017140961220954035,0.0,1.5811388300841898,,,,,
http,xStream,0.007824572493052595,0.6851863608733512,0.9564120829733455,0.03598019330472497,0.9186420349309289,0.3984622342831298,0.6045338613091582,1603.3040887832642,0.00019249208573850495,600000.0,44.0,,,,,,0.00042508361314248143,0.02809131110405428,0.0037809429613550926,0.0029203898789212485,0.007013088817081507,0.032869257937891624,0.024636361138868065,38.66332073540945,3.696659663887776e-05,0.0,1.5811388300841898,,,,,
letter,AE,0.052678811435480775,0.39930933333333335,0.010336606706776082,0.1181897916365167,0.005200000000000001,1.0,0.07027150416350396,0.8764091968536377,8.372599988919975e-09,600000.0,44.0,0.02,0.1,,,,0.004840292590457763,0.01501265806651911,0.0048848473787780275,0.0002584894531848142,0.002467567403109566,0.0,0.01809404952597142,0.14257137760749128,1.3620271430996134e-09,0.0,1.5811388300841898,0.0,0.0,,,
letter,DAE,0.06040819760753532,0.4231413333333333,0.06563321685313332,0.11947993761567446,0.034133333333333335,0.984,0.1794015900145003,1.3769608974456786,1.4171887071176867e-08,600000.0,44.0,0.02,,,,,0.005046693392491361,0.008613288699574777,0.026848741501927068,0.0007522436708412753,0.014378997028845772,0.01140175425099139,0.0401103088411999,0.08923886744557652,9.184597428615974e-10,0.0,1.5811388300841898,0.0,,,,
letter,HST,0.07362510033345308,0.5639986666666668,0.6479488200741306,0.14330543875835025,0.5173333333333334,0.634,0.5229443821682712,85.17244682312011,0.003302595157087708,600000.0,44.0,,,25.0,15.0,,0.006952541423753286,0.0243981849962474,0.17760745774655054,0.006964611676302799,0.2360682575490026,0.26847718711279733,0.07460875584210208,2.7089810975085102,0.00017484089139020367,0.0,1.5811388300841898,,,0.0,0.0,
letter,ILOF,0.18153692838208252,0.6823,0.9580719709475074,0.2573099415204678,0.9673333333333334,0.22000000000000003,0.46131695539328854,4.607751274108887,9.425774387656657e-07,600000.0,44.0,,,,,,0.0,0.0,0.0,0.0,0.0,0.0,0.0,0.28967418148252044,5.881706375690611e-08,0.0,1.5811388300841898,,,,,
letter,LODA,0.07857498519579462,0.5600673012737863,0.6988136999745491,0.1465471818916654,0.5670644391408114,0.5701149425287356,0.5482477934075314,46.67533798217774,1.2835288431547711e-06,600000.0,44.0,,,,,256.0,0.004605269791024393,0.025477448680207508,0.13242023934524963,0.008673388637315383,0.16055567446361044,0.1791039189037467,0.011288371175691102,0.7741276526301056,2.129158847728872e-08,0.0,1.5811388300841898,,,,,0.0
letter,PW-AE,0.0634732969642029,0.43764000000000003,0.09239888376368668,0.1195105681034899,0.04906666666666667,0.97,0.2104611867508838,1.5048291683197021,1.5556443266895313e-08,600000.0,44.0,0.1,,,,,0.004790163555167448,0.008701607769704278,0.0466392432117297,0.00048758173862181855,0.025831075170121055,0.021213203435596444,0.05984099282762059,0.09246185742449467,9.558411477244382e-10,0.0,1.5811388300841898,0.0,,,,
letter,RRCF,0.11354959588065852,0.696596,0.8554539205943763,0.20167742683390566,0.7756000000000001,0.488,0.606964981124982,185.4316517829895,0.0013772545467135911,600000.0,44.0,,,,,,0.007403675811428599,0.007196595800176006,0.04450015920787448,0.006596273493430108,0.07765107139562781,0.12537942414925984,0.054346630775094724,6.927548720493135,5.204953843230378e-05,0.0,1.5811388300841898,,,,,
letter,xStream,0.06721732819245817,0.5411353333333333,0.47147094435724446,0.13534955490575648,0.32533333333333336,0.8019999999999999,0.49131941466512397,7.063828706741333,4.394110295276674e-06,600000.0,44.0,,,,,,0.0039872442772743094,0.019604686882931276,0.16663008574764926,0.006814144641898,0.14000238093213507,0.11627553482998906,0.09205002788194362,0.23450133612045554,1.5292207895910275e-07,0.0,1.5811388300841898,,,,,
mammography,AE,0.04816227220904181,0.6075939267177938,0.6481470972186942,0.12482196830745902,0.6025450883456925,0.6138461538461538,0.45627192124988386,5.7556952953338625,5.495603168112792e-08,600000.0,44.0,0.02,0.1,,,,0.02779667961298168,0.19421198499240272,0.44038425826869115,0.07014483315173707,0.4516646937443974,0.3085756550851713,0.2520659640197702,0.12020016436344567,1.1205851946251262e-09,0.0,1.5811388300841898,0.0,0.0,,,
mammography,DAE,0.03055687617672311,0.5927095261234234,0.9223655627444243,0.08282079483834023,0.880710427538222,0.2346153846153846,0.4220476368963152,9.558637714385986,9.834676598390817e-08,600000.0,44.0,0.02,,,,,0.0030521892652596964,0.026890072325628667,0.08605302834066403,0.01962423966498423,0.139977374149617,0.17642069140276487,0.10779356863932442,0.3021730248792772,3.1507315602789467e-09,0.0,1.5811388300841898,0.0,,,,
mammography,HST,0.08945734599681143,0.8091350291199234,0.9223500663036528,0.14448501057131663,0.8678568158930696,0.5076923076923077,0.6398787945314476,263.9643627166748,0.011323127544225566,600000.0,44.0,,,25.0,15.0,,0.020675418108316804,0.016683757938011416,0.035445468193169495,0.01470644695680879,0.06822293948623306,0.23317654636594123,0.15299177201976374,3.7272933110846744,9.466011705527548e-05,0.0,1.5811388300841898,,,0.0,0.0,
mammography,ILOF,0.07924227351810878,0.8137621743815098,0.9676220560226693,0.16924910607866506,0.9534926302297905,0.27307692307692305,0.5102713333508688,78.8811945438385,1.695164600025745e-05,600000.0,44.0,,,,,,5.626309301799364e-07,3.8572282728369423e-07,0.0,0.0,0.0,0.0,0.0,2.811471610942818,2.2268637022666143e-06,0.0,1.5811388300841898,,,,,
mammography,LODA,0.08119401791750588,0.7732170573282728,0.939913601145288,0.16851713428436724,0.8977790272701714,0.484375,0.6568081289886563,391.93686094284055,8.669622179859794e-06,600000.0,44.0,,,,,256.0,0.0013975445081198727,0.006335061313957625,0.010237288574569736,0.004510579667542665,0.020404833900102334,0.0825411976918572,0.0517073574367069,9.504363895259917,2.1023601565207384e-07,0.0,1.5811388300841898,,,,,0.0
mammography,PW-AE,0.023224645715966514,0.5135938281255502,0.5796165493935997,0.05934887681876775,0.4518905062711709,0.6776923076923077,0.4757543146917384,10.070823383331298,1.040443512012601e-07,600000.0,44.0,0.1,,,,,0.004250642682269079,0.08138318883227959,0.24184810041408994,0.011113516817168956,0.29429885716964377,0.3151547004363105,0.08979215748895304,0.17730197749297089,1.877049332675657e-09,0.0,1.5811388300841898,0.0,,,,
mammography,RRCF,0.1372019024131256,0.84194811231065,0.9778854310402135,0.25040172802691646,0.9724800878879428,0.30846153846153845,0.547512227599276,986.8403835773468,0.0034523238053177268,600000.0,44.0,,,,,,0.003346659294781449,0.003192721565859175,0.0014222141758332071,0.00512414202997421,0.0031258640936805576,0.017286311580187876,0.014272604372971056,25.398362434054725,8.904855027572308e-05,0.0,1.5811388300841898,,,,,
mammography,xStream,0.1332540697591186,0.8142341847477799,0.9759276638404494,0.22415160614031726,0.9695504897921816,0.2746153846153846,0.5150032140162317,34.43138461112976,6.585673658412104e-06,600000.0,44.0,,,,,,0.029420686550969143,0.012959459335722926,0.008496684776939468,0.04830111458224289,0.016393141048089026,0.036951111152232145,0.03499322424983552,1.2989359651784287,6.355533802678441e-07,0.0,1.5811388300841898,,,,,
mnist,AE,0.30943358799968573,0.8180044287162931,0.8780085229358943,0.3606888142556584,0.8125452701723888,0.6254285714285714,0.7122850664833178,5.5305393695831295,5.277501648492943e-08,600000.0,44.0,0.02,0.1,,,,0.017018398451137343,0.01280754352514166,0.01387758576766478,0.016361308672867385,0.025183734646214095,0.04073808828031447,0.01629774213235137,0.20189501182860867,1.951413296852318e-09,0.0,1.5811388300841898,0.0,0.0,,,
mnist,DAE,0.36355946358569763,0.8480085677034829,0.9201136504945154,0.41601455053120817,0.8915833695494711,0.5431428571428571,0.6955250508370092,8.925455379486085,9.183011102721475e-08,600000.0,44.0,0.02,,,,,0.016037727582881516,0.008373438382771232,0.006045158637311981,0.016308438156724336,0.01262633980584894,0.033992796355722665,0.018443772454572342,0.23276467309615995,2.4390922451055094e-09,0.0,1.5811388300841898,0.0,,,,
mnist,HST,0.25154394845230016,0.7619590033318847,0.8792697481682297,0.3468933809568922,0.8207446037954513,0.5697142857142856,0.678490102959361,210.91921668052674,0.010233700915433838,600000.0,44.0,,,25.0,15.0,,0.0679961557507545,0.05595678657709788,0.038044267937200754,0.07690981342605331,0.06720205500659727,0.12555753214184726,0.06772547277272227,9.735355135922548,0.00047339587286692684,0.0,1.5811388300841898,,,0.0,0.0,
mnist,ILOF,0.3381563326743252,0.7893566772210839,0.9005243559540999,0.36052760136785544,0.8583224684919599,0.5271428571428571,0.6726503983428255,31.58358702659607,8.88875036974183e-06,600000.0,44.0,,,,,,2.659224940980141e-06,2.3349537811278923e-06,0.0,0.0,0.0,0.0,0.0,1.3617075079127694,5.346827808331301e-07,0.0,1.5811388300841898,,,,,
mnist,LODA,0.24059503932266962,0.7549971326771394,0.8951686744979096,0.31826674368145735,0.8537885594489367,0.46487294469357254,0.629730379167358,391.3170012950897,1.626546733497452e-05,600000.0,44.0,,,,,256.0,0.0038339664085874194,0.0054235716497066265,0.008858090842306848,0.007464479105164677,0.016967089285340037,0.021609614790434897,0.008811768770400222,14.125978200523754,5.87159863319911e-07,0.0,1.5811388300841898,,,,,0.0
mnist,PW-AE,0.40559204983454133,0.8711684360836903,0.924288636169916,0.4493262243236987,0.8949442271476169,0.5902857142857143,0.7265321388597432,9.254213094711304,9.560250917584056e-08,600000.0,44.0,0.1,,,,,0.017300224736448433,0.007696239840042873,0.0026188293224924867,0.016683543764104348,0.0059034748778271804,0.03501311707556093,0.020109786177606604,0.17939167990898303,1.8591557461973518e-09,0.0,1.5811388300841898,0.0,,,,
mnist,RRCF,0.31843328583311736,0.77936487241572,0.9107961634852512,0.3594276235541994,0.8806895552658265,0.47657142857142853,0.647276503459581,807.383681678772,0.011718894490168332,600000.0,44.0,,,,,,0.016277001407867666,0.012117969941331267,0.007900412629846339,0.019730928289098327,0.015915861589942862,0.03918298256193597,0.023242969879269965,22.33988632579859,0.000321768756261799,0.0,1.5811388300841898,,,,,
mnist,xStream,0.1667676589022035,0.7057417065044184,0.8632386344823132,0.28148450378062567,0.7992177314211213,0.488,0.623253612257718,47.92479257583618,2.4640936056282532e-05,600000.0,44.0,,,,,,0.00967994018799062,0.021539713265989427,0.016549503689996463,0.012143124035631909,0.030426384280494097,0.05335288757176036,0.02328201527220155,0.5446198280318524,4.443400668704639e-07,0.0,1.5811388300841898,,,,,
musk,AE,0.032869610191442966,0.5675054327984561,0.5797543199198018,0.0905342403322423,0.41052276559865086,0.8989690721649485,0.6068080221126526,2.627435255050659,2.5070826829676207e-08,600000.0,44.0,0.02,0.1,,,,0.0018054118987728537,0.025491704855957,0.04150971434881294,0.00525173887687552,0.04119740884738562,0.008625361098289496,0.029189987568145604,0.20021535242341298,1.9627834093959036e-09,0.0,1.5811388300841898,0.0,0.0,,,
musk,DAE,0.10787852457658187,0.8145609429599624,0.9451797067811347,0.20000884631418278,0.9166273187183812,0.356701030927835,0.5604486630774992,5.336625719070435,5.492534840466511e-08,600000.0,44.0,0.02,,,,,0.03425887644309643,0.037799662178184645,0.03342577683414816,0.05710300410693518,0.06401141164125829,0.1321438778900152,0.09432931210691138,0.25610486276028427,2.635869471784467e-09,0.0,1.5811388300841898,0.0,,,,
musk,HST,0.609856224362714,0.9093179882130006,0.9899866986215683,0.6482763563952337,0.9938617200674535,0.5731958762886598,0.751483447400077,132.91456050872802,0.007476241441400161,600000.0,44.0,,,25.0,15.0,,0.10713736867113835,0.03361481980170484,0.0018989500759319963,0.07252272384910637,0.0048371822230846235,0.11654501246237177,0.07634289595833463,1.52447307157789,0.0001236412974373923,0.0,1.5811388300841898,,,0.0,0.0,
musk,ILOF,0.4126945744975191,0.7691695206967889,0.9862876254180601,0.4305555555555555,0.9946037099494098,0.31958762886597936,0.563793438525173,13.540566015243531,5.3689385500341505e-06,600000.0,44.0,,,,,,0.0,0.0,0.0,0.0,0.0,0.0,0.0,0.6247097157006507,2.434021898913981e-07,0.0,1.5811388300841898,,,,,
musk,LODA,0.48670132351129664,0.9393738489871086,0.9847475693911025,0.5123710246073657,0.9868876611418049,0.4791208791208791,0.6873994154766366,149.85981249809265,8.277302558118056e-06,600000.0,44.0,,,,,256.0,0.04922691932500083,0.007501398516909702,0.0010006343519103243,0.030217996437507787,0.0012381389549887168,0.028655834748143504,0.02058470559748658,0.5431300195727327,2.9999046612027796e-08,0.0,1.5811388300841898,,,,,0.0
musk,PW-AE,0.2714338554668458,0.8883350428539142,0.9733345962878239,0.3756935020857101,0.9648566610455311,0.46185567010309275,0.6666673766733942,5.564122438430786,5.7520120466669765e-08,600000.0,44.0,0.1,,,,,0.09502867130287997,0.02169552074195815,0.008701930795748792,0.08087094293323673,0.016698008441703403,0.05226305919850133,0.038491039934839384,0.2013049042401903,2.0810257988666303e-09,0.0,1.5811388300841898,0.0,,,,
musk,RRCF,0.8064321890327084,0.9625938352949357,0.9927673271738273,0.7590784246180189,0.9952782462057336,0.7010309278350515,0.8348488910893854,463.96134095191957,0.009907949588248163,600000.0,44.0,,,,,,0.028791621671191505,0.008695342932739216,0.0005660045217632582,0.02577373833039639,0.0010928736422273163,0.05050494315016861,0.02992016713609738,8.064289252086006,0.00017269473132869805,0.0,1.5811388300841898,,,,,
musk,xStream,0.04757394000211661,0.6865913318614071,0.7743353509349957,0.11011107690962985,0.6434401349072513,0.688659793814433,0.6551455988522079,26.12817516326904,1.6739917949507307e-05,600000.0,44.0,,,,,,0.001771728969188747,0.019529062290912013,0.07421773350479155,0.0035146306214545752,0.10289757093119714,0.1624161286046019,0.025753587377734567,0.3955540295116974,5.780408663036804e-07,0.0,1.5811388300841898,,,,,
optdigits,AE,0.01755356790362823,0.23817344387419395,0.07500755158044545,0.05764496705974823,0.04038689301223845,0.9906666666666666,0.18127528542818433,3.3388630390167235,3.1880063474629435e-08,600000.0,44.0,0.02,0.1,,,,0.0017429495621560035,0.08496093983207519,0.07670661729314772,0.001395086401489133,0.04366201579132842,0.02086996778999804,0.08966471842952738,0.09181476822084428,8.757049486194723e-10,0.0,1.5811388300841898,0.0,0.0,,,
optdigits,DAE,0.023816817057188848,0.45277694433478094,0.31955570287620944,0.0634827452922403,0.19802605606000792,0.916,0.40849379826988486,4.615654993057251,4.741289969799488e-08,600000.0,44.0,0.02,,,,,0.0028842571522281492,0.059791067308051137,0.14568042478002477,0.0032573385358328558,0.10489189660880122,0.071429841258554,0.10401237395761603,0.32923366620325806,3.3038171660258036e-09,0.0,1.5811388300841898,0.0,,,,
optdigits,HST,0.04853647399220834,0.6721258060271088,0.8187192420563649,0.10928264019157888,0.7150019739439399,0.54,0.5938004184117002,184.3529670238495,0.0074863935742782075,600000.0,44.0,,,25.0,15.0,,0.015449049701642093,0.0785062129274583,0.10740842642546018,0.03505408297793315,0.166869344805657,0.22186081723058315,0.10635074700104663,3.666424424010409,0.0001144918877443542,0.0,1.5811388300841898,,,0.0,0.0,
optdigits,ILOF,0.05628192989366625,0.7092280563232005,0.9243592415086475,0.1294964028776978,0.8756415317804974,0.36,0.56145431821385,19.784600591659547,4.333918822916535e-06,600000.0,44.0,,,,,,3.618469942787701e-07,7.207824153916115e-07,0.0,0.0,0.0,0.0,0.0,0.4653772565277931,1.0160286829092151e-07,0.0,1.5811388300841898,,,,,
optdigits,LODA,0.03071767961074049,0.5473598693308899,0.5449267831576148,0.06867937241651428,0.39721645201495637,0.7315068493150685,0.5098839662063599,233.63514943122863,7.971001855341461e-06,600000.0,44.0,,,,,256.0,0.0019262713569544927,0.020398148375080867,0.18893987457684486,0.004740586775452738,0.18590757152938978,0.18020338377334297,0.07104033746907644,6.048327714166343,2.0629121521390837e-07,0.0,1.5811388300841898,,,,,0.0
optdigits,PW-AE,0.028455233296618154,0.5444861165942887,0.5205688283102707,0.07477542037236343,0.3608764311093565,0.8666666666666666,0.550157374725128,5.305304479598999,5.478477474518684e-08,600000.0,44.0,0.1,,,,,0.002860026161099944,0.04205693246357079,0.12228530959867707,0.0067088266930555385,0.11349640386192324,0.07498147919467996,0.0671266931099875,0.406721480831998,4.266409348823679e-09,0.0,1.5811388300841898,0.0,,,,
optdigits,RRCF,0.027424881103536237,0.5281697591788393,0.5507929827678782,0.07112052578266324,0.3868535333596526,0.7986666666666666,0.5493105842549026,529.035341310501,0.00569287341355523,600000.0,44.0,,,,,,0.0017668667129499382,0.032215420110646605,0.09260342072896721,0.003103023577496706,0.08614975241561001,0.09206278051175493,0.0405897388137672,9.779033301380876,0.00010343044275979175,0.0,1.5811388300841898,,,,,
optdigits,xStream,0.022481309568967562,0.3752650348730096,0.19555714468948743,0.05877242274710141,0.16462692459534148,0.8613333333333333,0.1809331398011063,29.950803375244142,1.3526935416664326e-05,600000.0,44.0,,,,,,0.004930045399249195,0.09754117208823604,0.36921121628222675,0.004894321965663742,0.33229682669883553,0.3026696035099807,0.18930348321870524,0.9726677316276926,4.013599428994405e-07,0.0,1.5811388300841898,,,,,
pendigits,AE,0.27161343038363295,0.9124260061257381,0.9826290309143767,0.3490418575465374,0.9796246648793566,0.3871794871794872,0.6138822754992266,3.7802958488464355,3.6084449496185146e-08,600000.0,44.0,0.02,0.1,,,,0.08733951094524087,0.034232064432884526,0.004312488772929148,0.08925431128568916,0.007395111774964054,0.07175479650746522,0.058011346814767085,0.03761929981965675,3.286672262332256e-10,0.0,1.5811388300841898,0.0,0.0,,,
pendigits,DAE,0.15107292531999233,0.8808112401946182,0.959482907976135,0.25231960942282206,0.9352100089365505,0.4551282051282051,0.6485311073327245,5.926357650756836,6.099495746446513e-08,600000.0,44.0,0.02,,,,,0.0852871556166378,0.05413409678457981,0.031572095944603695,0.10264868861669994,0.05759849631891502,0.09972018709041053,0.0662807624840494,0.11187457316175842,1.1514298045250812e-09,0.0,1.5811388300841898,0.0,,,,
pendigits,HST,0.154898282156122,0.889214748363542,0.9620928780374388,0.2646255192338006,0.9366994340184689,0.5641025641025641,0.7155526650828105,192.1819683074951,0.00819148361844997,600000.0,44.0,,,25.0,15.0,,0.027975287104898692,0.025032018333349757,0.013926466498045307,0.03985018786689674,0.02967639763683781,0.19511834942595416,0.12461145589573364,2.2905480897258617,0.00011863483100855235,0.0,1.5811388300841898,,,0.0,0.0,
pendigits,ILOF,0.0773159105743373,0.8259331820994019,0.9508095605242867,0.17142857142857146,0.9183795055108728,0.4230769230769231,0.6233339196678184,21.6962730884552,4.848060372168857e-06,600000.0,44.0,,,,,,1.9550457437913887e-07,1.956675062032195e-06,0.0,0.0,0.0,0.0,0.0,2.320380220436372,1.5496488252916717e-06,0.0,1.5811388300841898,,,,,
pendigits,LODA,0.2160768368869382,0.9191996699669968,0.9807908791434314,0.31845297693721497,0.9760210396039604,0.38666666666666666,0.6119806901504241,224.73343143463134,5.436200951966915e-06,600000.0,44.0,,,,,256.0,0.015043072503418641,0.0061162781423881344,0.0028448117228204593,0.017791347769797,0.007042809183224035,0.07164728420068225,0.05582616707688183,7.451051653559636,1.802375989796489e-07,0.0,1.5811388300841898,,,,,0.0
pendigits,PW-AE,0.1166895008299893,0.8872833650313543,0.9394144728156034,0.23133174124723616,0.8954721477509681,0.6256410256410256,0.7412158775825538,6.47938723564148,6.698183558473404e-08,600000.0,44.0,0.1,,,,,0.0511321744082259,0.05079279750061252,0.0373783667001722,0.07118795065895143,0.06884346042092948,0.15633667878480992,0.07222752301058082,0.07383544599215484,7.632872560181756e-10,0.0,1.5811388300841898,0.0,,,,
pendigits,RRCF,0.1130035865134272,0.8172421957944745,0.9815717707209115,0.22773106725297593,0.9809651474530832,0.23461538461538461,0.47788387922457487,765.5755558013916,0.004449307595805862,600000.0,44.0,,,,,,0.013135838511042136,0.02645004414190301,0.002637102638630161,0.016686953542785342,0.006102463750167475,0.04591283225505124,0.04432406650606669,7.198825838105964,4.202748159661752e-05,0.0,1.5811388300841898,,,,,
pendigits,xStream,0.08037715187826135,0.855799974030537,0.9262932846849052,0.17026616771974676,0.8709562109025916,0.6025641025641025,0.7224679699713095,24.01666169166565,1.0777869665565473e-05,600000.0,44.0,,,,,,0.015055550847974388,0.03020161593601484,0.014456155697579093,0.028946598804758906,0.025656314387508036,0.09031412053593188,0.051401903366291586,1.1020204309466837,6.243769604141754e-07,0.0,1.5811388300841898,,,,,
satimage-2,AE,0.6930896477441084,0.9548858398120755,0.9963941977032444,0.6655722460628435,0.9979413817166783,0.5830985915492958,0.7615451309425907,5.426952362060547,5.184530405383864e-08,600000.0,44.0,0.02,0.1,,,,0.0455702110707459,0.006160287093378537,0.0005539016856155131,0.05337657553534693,0.0011333134521222393,0.0729136851016608,0.048977282189768635,0.5770415703084565,5.512651239302079e-09,0.0,1.5811388300841898,0.0,0.0,,,
satimage-2,DAE,0.4199098988586821,0.9536041791572885,0.9925574624098281,0.4327470850317566,0.992079553384508,0.43943661971830983,0.6590891092992311,7.738451242446899,7.958095794889806e-08,600000.0,44.0,0.02,,,,,0.08554481262674696,0.002306381984100969,0.0026351604001217145,0.05135313668534821,0.0058976491668390335,0.057557230258317035,0.0402017555590688,0.5817977351780383,6.037770249050963e-09,0.0,1.5811388300841898,0.0,,,,
satimage-2,HST,0.8525116281782201,0.9484630392262858,0.9982740989772655,0.8515532748962599,0.9990579204466155,0.7971830985915493,0.8922484810443123,214.86309623718262,0.008809672767647226,600000.0,44.0,,,25.0,15.0,,0.006433194225553975,0.0022346800216090004,0.0002725153971620567,0.017028650349475486,0.0008599970372551422,0.03535183210707358,0.019499833795243473,7.514784797844488,0.0003843031526648107,0.0,1.5811388300841898,,,0.0,0.0,
satimage-2,ILOF,0.6044764474233222,0.9779984863823555,0.9946720237575335,0.6114649681528661,0.9933705512909979,0.676056338028169,0.8194964656487638,28.088563203811646,8.082579389965458e-06,600000.0,44.0,,,,,,0.0,0.0,0.0,0.0,0.0,0.0,0.0,0.6140951785911868,3.8238417330722987e-07,0.0,1.5811388300841898,,,,,
satimage-2,LODA,0.8288655158632526,0.9892026239223559,0.9975023552264004,0.7772372097871538,0.9986493885745574,0.7058823529411764,0.8387589277964749,397.63778109550475,1.1264586505863545e-05,600000.0,44.0,,,,,256.0,0.029410371387800296,0.003142391649570949,0.0002202891511629576,0.022181899030665732,0.001037289449781596,0.0712894096678872,0.04121226020132537,1.7399118026504614,4.9289549296679634e-08,0.0,1.5811388300841898,,,,,0.0
satimage-2,PW-AE,0.35547318418486523,0.9549113943956833,0.9882439082775678,0.3746152044087684,0.9824842986741104,0.532394366197183,0.7169407179196282,8.68318705558777,8.97319588499812e-08,600000.0,44.0,0.1,,,,,0.08629612782684593,0.0029162192324827707,0.005665967620888984,0.04531030920159443,0.012877285511219935,0.15280229695904812,0.09701594683859441,1.1576955921357361,1.2004914048716332e-08,0.0,1.5811388300841898,0.0,,,,
satimage-2,RRCF,0.5921797469964178,0.9728536606941018,0.9949393751802695,0.5969968191226477,0.9947313328681089,0.6084507042253521,0.7766700435918859,846.5310153484345,0.006667748098391352,600000.0,44.0,,,,,,0.042637435578015956,0.0025455931489844303,0.0003693403206633338,0.02838441538312601,0.0014564990554600096,0.07675733292078145,0.0493473206876253,30.330278717082564,0.00024149571255150276,0.0,1.5811388300841898,,,,,
satimage-2,xStream,0.39001554131210414,0.9674685236330755,0.9932841085688402,0.5445302904235508,0.991032798325192,0.6422535211267606,0.7970306982918419,29.520550870895384,9.879691413061268e-06,600000.0,44.0,,,,,,0.031239047626222025,0.002467402503536567,0.0011362254421140553,0.03243117882436723,0.002760096351967669,0.06106896729205289,0.03766201076033627,1.9780408635184528,6.667373210043193e-07,0.0,1.5811388300841898,,,,,
shuttle,AE,0.8954340257313366,0.9739115689615889,0.9898552747475546,0.8535693970291837,0.9967753257579082,0.7765309028766734,0.8793093756772083,41.26527338027954,3.940404345357252e-07,600000.0,44.0,0.02,0.1,,,,0.03046787895826455,0.0034520098554667203,0.003617790991850106,0.05440348335429675,0.0028610605789144983,0.05835234517020802,0.03485311470953686,0.45317583735782657,4.265287742376919e-09,0.0,1.5811388300841898,0.0,0.0,,,
shuttle,DAE,0.9307251936191021,0.9815444544971215,0.9931440715731796,0.9073916663594925,0.9958408283244855,0.8754770720592424,0.9336015265468735,64.8301239490509,6.669513719347443e-07,600000.0,44.0,0.02,,,,,0.01616046198289135,0.0011781781435666364,0.0020242623536498505,0.027918257392527724,0.0020597366361287733,0.03214698506721304,0.01788713827871793,0.5593238797762579,5.859256574621196e-09,0.0,1.5811388300841898,0.0,,,,
shuttle,HST,0.7535580541930853,0.9720425953377807,0.9859390989079287,0.8368794247396515,0.9781731233273373,0.9213899174024494,0.9493111308383482,1204.74478764534,0.056695247788682866,600000.0,44.0,,,25.0,15.0,,0.07767837373812866,0.004806388621371551,0.0037622143127282763,0.038373411493365255,0.006936966537648909,0.02033516907969679,0.011620273669994616,18.929859513053763,0.0007622837286564138,0.0,1.5811388300841898,,,0.0,0.0,
shuttle,ILOF,0.19261108062646554,0.5506167896990466,0.953244668156473,0.28310046573519626,0.963804676874479,0.24238108800911423,0.4833301420448645,177.77310853004457,4.2088447946551726e-05,600000.0,44.0,,,,,,8.251481453819486e-07,4.396447686237189e-06,0.0,0.0,0.0,0.0,0.0,3.04697500762591,1.0292432561890379e-06,0.0,1.5811388300841898,,,,,
shuttle,LODA,0.8180424114695857,0.9783183621958118,0.9812542622397608,0.7698472349766703,0.9771951488423374,0.8112288742480664,0.8903384780400907,1959.8667007923127,4.456884844825658e-05,600000.0,44.0,,,,,256.0,0.0028629378223396663,0.0003448179717993126,0.00022914757130989581,0.0029469849146025527,0.0008922233331516029,0.009793939270855806,0.005032092578635704,25.222981708953174,5.73744170929975e-07,0.0,1.5811388300841898,,,,,0.0
shuttle,PW-AE,0.9573227211082944,0.985610136817278,0.996344640373121,0.9510352039516732,0.9985521870749791,0.9236684705212189,0.9603761210541133,70.2903039932251,7.264768844628122e-07,600000.0,44.0,0.1,,,,,0.0023286968909437275,0.0004605565653705332,0.0005612723016983134,0.007424974112352802,0.0007333178892838416,0.0067910105483145735,0.0037459078639997525,0.8378127472767484,8.548084328132333e-09,0.0,1.5811388300841898,0.0,,,,
shuttle,RRCF,0.4561808193115396,0.945241962750135,0.9514015476808787,0.5536675302440404,0.924138990040802,0.7594417544859015,0.8374171596445763,6061.506478595734,0.030875453484238858,600000.0,44.0,,,,,,0.022737800464662457,0.006723129952263263,0.004343300472211807,0.02953375719879118,0.007893495324776748,0.046817284189735034,0.025384943436037564,271.68496136663674,0.0013834411591371078,0.0,1.5811388300841898,,,,,
shuttle,xStream,0.11625515640936243,0.718699498663082,0.7252044685536029,0.22447760515148724,0.5785372702145395,0.8182284249501567,0.6848889817701395,182.24349207878112,3.5305702545533096e-05,600000.0,44.0,,,,,,0.003922244643011314,0.008360626310411299,0.04225743114718221,0.006052944676788806,0.05697682425139198,0.0949687983550648,0.013228722111120318,8.664910551611209,2.8383126688025576e-06,0.0,1.5811388300841898,,,,,
smtp,AE,0.012584140587359577,0.561762154055323,0.9996846145071411,0.11861606869954959,0.9996425793158548,0.13333333333333333,0.36508310985795883,51.58647847175598,4.925819425270421e-07,600000.0,44.0,0.02,0.1,,,,0.0014137995671468446,0.01702442069231683,3.604751627788718e-05,0.012059683755853163,7.206919875115508e-05,0.0,1.3160334022487784e-05,6.9923947439295615,6.681665211066544e-08,0.0,1.5811388300841898,0.0,0.0,,,
smtp,DAE,0.008092753324947645,0.6567996131446713,0.9994310227256801,0.08863697705802968,0.9991358829342136,0.13333333333333333,0.36499055569829714,75.83230562210083,7.802844396302472e-07,600000.0,44.0,0.02,,,,,0.0050127104602171275,0.04249320375236784,0.0003352362815718547,0.047884578835203244,0.0006698039981364547,0.0,0.00012234995956364605,1.9452385764838338,1.9970525653063707e-08,0.0,1.5811388300841898,0.0,,,,
smtp,HST,0.004613374145791425,0.7959067272179355,0.9972693889925788,0.027250031174418245,0.9947921703845426,0.24,0.4884380857955291,1937.4622913360595,0.08844595253920175,600000.0,44.0,,,25.0,15.0,,0.0008183769157870797,0.007540803643604314,0.0003001268692974548,0.0028884382203314607,0.0005989562355915789,0.014907119849998592,0.01482068382258017,49.69464041770859,0.0024084152656844754,0.0,1.5811388300841898,,,0.0,0.0,
smtp,ILOF,0.054314946508808915,0.822852217059479,0.9997634753357335,0.21052631578947373,0.9997792401656749,0.2,0.44716422937566797,263.1710092067718,5.8899124607556335e-05,600000.0,44.0,,,,,,2.5965856909942823e-09,1.810652633718177e-06,0.0,0.0,0.0,0.0,0.0,5.761729943113754,1.8118260958130083e-06,0.0,1.5811388300841898,,,,,
smtp,LODA,0.0007656708519647095,0.595888162749025,0.9989439641223832,0.012398896977716622,0.9981933171708655,0.04,0.1975166473451912,3203.397240114212,6.886997585242504e-05,600000.0,44.0,,,,,256.0,0.00010043713536783515,0.009128809085279249,0.00037723853546337433,0.0035340759975244986,0.0007546978426744393,0.014907119849998597,0.03375577321367951,21.14644581051422,4.545923853764618e-07,0.0,1.5811388300841898,,,,,0.0
smtp,PW-AE,0.0012267128458119472,0.6794292482251609,0.9938742459712122,0.008366401153962134,0.9881441456594413,0.1,0.2937983751802972,80.88968601226807,8.358881166703468e-07,600000.0,44.0,0.1,,,,,0.0008843858791714876,0.09818042193888578,0.00509487628819998,0.00815109793020669,0.010032762891476905,0.07817359599705717,0.12372329975140993,2.211068122802052,2.3029673291756178e-08,0.0,1.5811388300841898,0.0,,,,
smtp,RRCF,0.008434216209528753,0.7775698897602478,0.9993836319739587,0.05508302009928956,0.9990475790004835,0.11333333333333333,0.32437109504630834,10627.11141834259,0.047413177425285044,600000.0,44.0,,,,,,0.000548808129128564,0.006464777989272404,0.00040073214936157194,0.006013678754526473,0.0008232134570338311,0.07302967433402216,0.0997559694046184,224.09869015484904,0.0010007786647716096,0.0,1.5811388300841898,,,,,
smtp,xStream,0.00029219749170273236,0.4824198081141503,0.7347205528727111,0.0010874853191264898,0.6713306561823267,0.39333333333333337,0.31103595153051755,281.48813753128053,3.3285784638896707e-05,600000.0,44.0,,,,,,2.1324573677578147e-05,0.020588254371141715,0.3451024397899926,0.0003329691031532131,0.41483135462160814,0.4633213427705081,0.13046887477948196,9.267353841361532,6.678819863915293e-06,0.0,1.5811388300841898,,,,,
speech,AE,0.016966890822251036,0.47737614471452794,0.9837120353775546,0.045725630758120084,0.9835034482758621,0.04590163934426229,0.21181889562491016,5.7138148784637455,5.455593822745187e-08,600000.0,44.0,0.02,0.1,,,,0.0005355423649882373,0.003391679516951902,0.003236700085570982,0.00527947691651132,0.006473654649302142,0.007331370418032097,0.017557231017596035,0.2731351545848357,2.5811204049556527e-09,0.0,1.5811388300841898,0.0,0.0,,,
speech,DAE,0.016220518414343448,0.47826252119841717,0.9576220977891694,0.03983475571338564,0.9346206896551724,0.09508196721311475,0.27737283577101723,10.882323598861694,1.120604007880388e-07,600000.0,44.0,0.02,,,,,0.00034050012129329955,0.003048360723744968,0.03650764399805564,0.0031128845192307914,0.06807368184059188,0.07276177383990867,0.09981881674270492,0.40921937692011673,4.257654359185311e-09,0.0,1.5811388300841898,0.0,,,,
speech,HST,0.01743059650405332,0.5095014132278124,0.642506929034437,0.04427223972236494,0.5324689655172413,0.5508196721311476,0.45850440132677467,197.93904490470885,0.012495086727873524,600000.0,44.0,,,25.0,15.0,,0.0032373036171770286,0.05503145938185938,0.28563044522548237,0.012964810831011015,0.3281056295794271,0.2892409140651709,0.10523634871795834,12.829494927170686,0.0009931076281216018,0.0,1.5811388300841898,,,0.0,0.0,
speech,ILOF,0.017225873837033168,0.48376936122102887,0.9719234529962286,0.05633802816901408,0.9597241379310345,0.09836065573770492,0.30724435801849986,22.640785264968873,1.555606908690087e-05,600000.0,44.0,,,,,,0.0,0.0,0.0,0.0,0.0,0.0,0.0,0.6546150886933132,5.279097455196459e-07,0.0,1.5811388300841898,,,,,
speech,LODA,0.020763411842685243,0.4935335337454484,0.7628813565991297,0.04808084266212641,0.6981624184943687,0.35357142857142854,0.35801477830726613,208.80499572753905,2.1643500787553827e-05,600000.0,44.0,,,,,256.0,0.011059877592364178,0.02086001626083814,0.3089397957527916,0.021513410383281,0.3714528191713996,0.36757097051773135,0.10954811918494388,7.29237630348239,7.558849428751648e-07,0.0,1.5811388300841898,,,,,0.0
speech,PW-AE,0.016886275286217875,0.48034912379875633,0.94986471649971,0.03899077110233341,0.9195586206896552,0.11147540983606556,0.3064802120386329,11.434840297698974,1.1830438890431733e-07,600000.0,44.0,0.1,,,,,0.0002859962861871203,0.0019612793949950877,0.032532083859489566,0.003444406747981558,0.06022126462833857,0.06285340823829776,0.08338859745131505,0.30958158829073246,3.2029184199566916e-09,0.0,1.5811388300841898,0.0,,,,
speech,RRCF,0.015424848793305135,0.4829784058790277,0.6977786004055129,0.035607332059472044,0.5675034482758621,0.47540983606557374,0.4748272685073692,914.4323583602906,0.04180579048444837,600000.0,44.0,,,,,,0.0006181709862400594,0.014943063493843634,0.18811484069571888,0.0016585260662623637,0.23040654964927582,0.22980075030944566,0.05029875506405588,40.250787893404436,0.0018424660537728168,0.0,1.5811388300841898,,,,,
speech,xStream,0.028190256125631936,0.488808140192199,0.8883529118952319,0.03956976354888428,0.8103172413793104,0.2459016393442623,0.443427123401465,65.28729410171509,5.0895728603208474e-05,600000.0,44.0,,,,,,0.0005774010719362376,0.009348285303295262,0.029621008561578663,0.003349800640574767,0.04819208494275391,0.05052798363089324,0.03108358736992063,2.9111977074118203,3.0853248052582803e-06,0.0,1.5811388300841898,,,,,
thyroid,AE,0.23968410154894296,0.834783879443631,0.9773248107445548,0.31519904556150935,0.9704267463984779,0.3935483870967742,0.6153619135338643,1.8528563022613525,1.7700892130613334e-08,600000.0,44.0,0.02,0.1,,,,0.046160040062481936,0.022640156409724527,0.008534937297987532,0.05811828863450292,0.017312375299084522,0.07237126309876922,0.05775103818944203,0.2221680131796217,2.122437682493555e-09,0.0,1.5811388300841898,0.0,0.0,,,
thyroid,DAE,0.23605531015990752,0.8520168231783416,0.976433366737137,0.28993881078445216,0.9689045936395759,0.3827956989247312,0.600454879261334,3.3018383026123046,3.398301261765053e-08,600000.0,44.0,0.02,,,,,0.07280869429073482,0.033184825506864746,0.006124438701433594,0.06898329607760675,0.013439771364272836,0.13571409011588792,0.10888946561911492,0.2732645754621308,2.8124797960395144e-09,0.0,1.5811388300841898,0.0,,,,
thyroid,HST,0.20380068587589745,0.8259102081853706,0.9777370348004919,0.3078005275348729,0.9713509105735254,0.3849462365591398,0.6083949456259725,99.21508898735047,0.004744368992745536,600000.0,44.0,,,25.0,15.0,,0.04690581381795323,0.028936552758850147,0.00480671528303182,0.05845891766788434,0.009763725494618434,0.08814581304051265,0.0667016734517087,2.8160877082312004,6.472446416861888e-05,0.0,1.5811388300841898,,,0.0,0.0,
thyroid,ILOF,0.42007509805207655,0.9477476055613522,0.9834631679650132,0.46696035242290745,0.9779831475944551,0.5698924731182796,0.7465555804162229,11.861096239089965,3.956865728769681e-06,600000.0,44.0,,,,,,0.0,0.0,0.0,0.0,0.0,0.0,0.0,0.2681324885607713,2.432935673434562e-07,0.0,1.5811388300841898,,,,,
thyroid,LODA,0.26097255797198393,0.9560286935286936,0.9755139645633601,0.3912529314941867,0.9607226107226108,0.6357142857142858,0.7786890289279691,130.78976321220398,2.8930624930644123e-06,600000.0,44.0,,,,,256.0,0.006671237469311221,0.0015475667790839625,0.003615497577028696,0.011421538766290039,0.009511964126503816,0.11027177311342291,0.06666807837644556,1.7483118830441862,3.867256435664212e-08,0.0,1.5811388300841898,,,,,0.0
thyroid,PW-AE,0.2208561032609476,0.851455076326842,0.9752055055055401,0.2659575809419269,0.9687415058439793,0.3075268817204301,0.5408369780336961,3.344376230239868,3.4573093201650806e-08,600000.0,44.0,0.1,,,,,0.06802232440945341,0.0334306690508548,0.016960330470008642,0.07089808448298118,0.033899886160463494,0.08554978185340252,0.06518407224143101,0.21337585657118438,2.205811448339506e-09,0.0,1.5811388300841898,0.0,,,,
thyroid,RRCF,0.29089758285411704,0.945820363761775,0.9773260349222703,0.3806465407563816,0.9666757270997554,0.5440860215053763,0.7250735519021828,418.4469421386719,0.0019944207750332657,600000.0,44.0,,,,,,0.01583662065020092,0.0025477796047566593,0.0017101656499349212,0.02039215249147569,0.0033544410478879984,0.024754547168217948,0.016273887416917196,8.556325722810236,4.0672914866044554e-05,0.0,1.5811388300841898,,,,,
thyroid,xStream,0.048853364234351764,0.6718354976077533,0.9541137230366005,0.11772291926081184,0.9306876868714324,0.2236559139784946,0.45270520025371985,13.054981899261474,3.7025822540995972e-06,600000.0,44.0,,,,,,0.005866728448458143,0.041920342956759324,0.018677124862507506,0.018699983884761046,0.03581284460316052,0.055038640395998824,0.045702143410499864,0.14378291286295625,3.5188054690148416e-07,0.0,1.5811388300841898,,,,,
vowels,AE,0.06512035763484965,0.5340256045519203,0.7699191741731839,0.13111897596798078,0.7631578947368421,0.348,0.3356977039522992,0.8633169174194336,8.21767418636278e-09,600000.0,44.0,0.02,0.1,,,,0.03774038308356269,0.12958671281545012,0.42910747587272696,0.03763795392074204,0.42706069220778137,0.3729879354617251,0.18262380223499347,0.006975939355221001,2.0669137780222694e-12,0.0,1.5811388300841898,0.0,0.0,,,
vowels,DAE,0.062082348218637264,0.47015931721194876,0.9655056025760581,0.11634886483898872,0.962873399715505,0.12,0.33560544667083203,1.3072941303253174,1.3422707265774313e-08,600000.0,44.0,0.02,,,,,0.026049081474149586,0.06602215008053852,0.015233325982899218,0.03154449715500688,0.029610041733278494,0.037416573867739424,0.05626465144898014,0.0378084817533078,4.361761665270097e-10,0.0,1.5811388300841898,0.0,,,,
vowels,HST,0.06890602363521776,0.6194708392603129,0.9069647775441532,0.15091675623924913,0.8615931721194879,0.308,0.4838860658780805,79.61194305419922,0.002767105563647859,600000.0,44.0,,,25.0,15.0,,0.03631147135780063,0.07718818484665421,0.09468789524834746,0.06761133554511423,0.15862479077510394,0.1814386948806676,0.10781645257929473,1.9612018037532917,0.00011136817898904289,0.0,1.5811388300841898,,,0.0,0.0,
vowels,ILOF,0.33016594204822997,0.8784281650071122,0.9675324675324675,0.35714285714285715,0.9537695590327168,0.5,0.6905684466556219,3.9323261260986326,5.663276163518916e-07,600000.0,44.0,,,,,,0.0,0.0,0.0,0.0,0.0,0.0,0.0,0.4793261670336233,6.976231829109402e-08,0.0,1.5811388300841898,,,,,
vowels,LODA,0.07746628795891261,0.7184842503495353,0.9434314225922911,0.17386777727584904,0.9157167530224525,0.319047619047619,0.5305046155116053,40.24917674064636,9.402895699118908e-07,600000.0,44.0,,,,,256.0,0.0037538331179303914,0.01797907929070984,0.021087540589775446,0.00926428142404572,0.04238301148539483,0.11736911946539275,0.09205531111907259,0.9520871615921472,2.2242383576209728e-08,0.0,1.5811388300841898,,,,,0.0
vowels,PW-AE,0.07035137652490799,0.5182958748221906,0.7664986716325577,0.11896619935598748,0.7423897581792318,0.384,0.3965721122758302,1.419957685470581,1.4679068987000222e-08,600000.0,44.0,0.1,,,,,0.033775462966935385,0.06397483815531448,0.40065220613685704,0.03268429035188485,0.4010381548055562,0.349685573050991,0.14421997676404957,0.02561499317668903,2.6479961747419906e-10,0.0,1.5811388300841898,0.0,,,,
vowels,RRCF,0.12361778946936239,0.790873399715505,0.959734684822703,0.22467882872276465,0.944950213371266,0.32,0.5489440779551842,148.8607764720917,0.0007980925519127142,600000.0,44.0,,,,,,0.017252307034342003,0.01048472522486595,0.005959400616856315,0.032334602552240806,0.01154091145114457,0.03999999999999999,0.03431561869354054,2.3423824778463196,1.1021214127746426e-05,0.0,1.5811388300841898,,,,,
vowels,xStream,0.04567727652759525,0.5764011379800853,0.9318242789949199,0.10512377013002756,0.8980085348506401,0.20800000000000002,0.42821760442680795,5.401467800140381,3.3242930818460083e-06,600000.0,44.0,,,,,,0.003675710322826913,0.009823369928264424,0.027749538221121865,0.012399393806431491,0.050586942853208056,0.052153619241621194,0.041715253747120526,0.5666920953166878,3.466744014970067e-07,0.0,1.5811388300841898,,,,,
wbc,AE,0.03612575564264951,0.22537014805922367,0.03270826885242252,0.10688668395596686,0.016806722689075633,1.0,0.11808626037336496,0.16260323524475098,1.553397488862629e-09,600000.0,44.0,0.02,0.1,,,,0.007180683950475227,0.069736149988942,0.02920607049826329,0.0014883452503383155,0.015213978278991899,0.0,0.059815944781779234,0.008578739954811053,8.195527649465494e-11,0.0,1.5811388300841898,0.0,0.0,,,
wbc,DAE,0.030037720501024066,0.1100173402694411,0.010024794717376533,0.10574055684114796,0.005042016806722689,1.0,0.06944346244416755,0.3314358711242676,3.346856121923104e-09,600000.0,44.0,0.02,,,,,0.0004611425261683885,0.022313364365815862,0.004636979504160695,0.00022287651575993617,0.0023435855084988112,0.0,0.016568883882453478,0.06950756612366807,7.333676455694257e-10,0.0,1.5811388300841898,0.0,,,,
wbc,HST,0.09765987740602587,0.4505135387488329,0.969755944161524,0.21719169719169718,0.988795518207283,0.14285714285714285,0.37583635080525324,69.00170650482178,0.00206079909621585,600000.0,44.0,,,25.0,15.0,,0.030824935972399846,0.001647204086331643,0.005611076386511473,0.025848685246263277,0.011028022232509555,0.0,0.002103572684452299,3.353930239438158,0.00013089262806772683,0.0,1.5811388300841898,,,0.0,0.0,
wbc,ILOF,0.5129495898377813,0.8572762438308656,0.9763560500695408,0.5405405405405405,0.9831932773109242,0.47619047619047616,0.6842421171704969,0.5818679809570313,4.8022535372085586e-08,600000.0,44.0,,,,,,0.0,0.0,0.0,0.0,0.0,0.0,0.0,0.09651120362444278,8.38954581062573e-09,0.0,1.5811388300841898,,,,,
wbc,LODA,0.4924722856113255,0.9326271186440678,0.9837776615307618,0.5876190476190477,0.9796610169491526,0.65,0.7937162496093544,4.1741115093231205,1.1297913568202807e-07,600000.0,44.0,,,,,256.0,0.14054430128295675,0.022037972243975985,0.006486203417388564,0.06019620225927801,0.01651999041493044,0.13693063937629155,0.08049849867765177,0.2367424790535576,6.463130221911239e-09,0.0,1.5811388300841898,,,,,0.0
wbc,PW-AE,0.030246676205859323,0.12239562491663332,0.012228515425098042,0.10584768944963567,0.006162464985994398,1.0,0.07564408363386368,0.4224536418914795,4.367190808984844e-09,600000.0,44.0,0.1,,,,,0.0005823046404656609,0.02392304287160174,0.007206862172112143,0.0003481775575839651,0.003652214232606526,0.0,0.023463737905208008,0.015584128253538828,1.6110373997528194e-10,0.0,1.5811388300841898,0.0,,,,
wbc,RRCF,0.26159282615502977,0.8503668133920235,0.9598245878304826,0.40235759936852294,0.9523809523809523,0.45714285714285713,0.6560247478522998,40.853239393234254,0.0002860976432751242,600000.0,44.0,,,,,,0.02737727746444877,0.010852956045360152,0.0081888435632978,0.02551539736351745,0.02058394741834602,0.09874495882537011,0.06574947038086555,6.5609119553007895,4.7548723237389905e-05,0.0,1.5811388300841898,,,,,
wbc,xStream,0.11854496381708816,0.7019874616513271,0.9192514352641321,0.2668060128230283,0.8778711484593839,0.4666666666666667,0.6385923088879526,1.8871190071105957,1.0954114830277937e-06,600000.0,44.0,,,,,,0.010256217486442567,0.02226746838641081,0.020517711531143547,0.023413444167078867,0.037975590655646665,0.05216405309573015,0.02353615166295579,0.2893094549101807,2.162032450216425e-07,0.0,1.5811388300841898,,,,,
