dataset,model,PR-AUC,ROC-AUC,F1_0,F1_1,Recall_0,Recall_1,Geo-Mean,runtime,subsample,seed,lr,latent_dim,n_trees,height,window_len,PR-AUC_std,ROC-AUC_std,F1_0_std,F1_1_std,Recall_0_std,Recall_1_std,Geo-Mean_std,runtime_std,subsample_std,seed_std,lr_std,latent_dim_std,n_trees_std,height_std,window_len_std
covertype,AE,0.27630003032152933,0.9648393047030094,0.9927970467207698,0.38307821167662814,0.9908563683149725,0.4602839461230433,0.6748194390556173,139.6310984134674,600000.0,44.0,0.02,0.1,,,,0.014416757430798148,0.0021057272400611254,0.0005912914023202069,0.015828793803225216,0.001461928436753772,0.03993150385227085,0.028634045447471633,0.9162901581472735,0.0,1.5811388300841898,0.0,0.0,,,
covertype,DAE,0.5056733074609566,0.9842589462106461,0.9955375766299654,0.5421742015662986,0.9954931327457368,0.544448489261012,0.7359230634914974,233.0832636833191,600000.0,44.0,0.02,,,,,0.013166878204270673,0.001480933588597481,0.0003524007404647968,0.007032851123175404,0.001009429462968162,0.03316962424717351,0.021960732717205764,6.201081907535902,0.0,1.5811388300841898,0.0,,,,
covertype,HST,0.12917055447062462,0.9065178703377855,0.9881592745642145,0.1856208381869024,0.9834536411802288,0.2760829996359665,0.518396650516106,3393.5227110862734,600000.0,44.0,,,25.0,15.0,,0.039969649008287984,0.0209804730027764,0.0013699369614386962,0.03949482729932961,0.0027334780173014312,0.06175310750593635,0.05870550923504115,141.0261364525743,0.0,1.5811388300841898,,,0.0,0.0,
covertype,ILOF,0.33946516810494215,0.9340199433906919,0.9940050628621059,0.3955144179423283,0.9937875263412413,0.40444120859119037,0.6339784130680642,819.341482925415,600000.0,44.0,,,,,,1.2400152719164407e-07,8.600669064998303e-09,0.0,0.0,0.0,0.0,0.0,18.54573620544749,0.0,1.5811388300841898,,,,,
covertype,LODA,0.19659459633509102,0.946291147322712,0.991095115644814,0.2915435194780593,0.9882937342118744,0.3763378230797233,0.6097713094837383,10009.154208755494,600000.0,44.0,,,,,256.0,0.0028726749078477765,0.0013745046229557453,0.00044624570725661716,0.0027763978470870675,0.0010160040269891302,0.014128064280552579,0.011172003182668295,77.13905794410583,0.0,1.5811388300841898,,,,,0.0
covertype,PW-AE,0.4370139525991167,0.9809075490458516,0.9949161154614001,0.4724937142085871,0.9949269504872909,0.4745540589734256,0.6849778865953084,289.4118907928467,600000.0,44.0,0.1,,,,,0.051493629130155295,0.003207540056534257,0.00024809082277874603,0.05338487613292747,0.0006079402426177113,0.08234788397657404,0.0604218374333701,25.015247695640866,0.0,1.5811388300841898,0.0,,,,
covertype,RRCF,0.3015332964394492,0.9673568730572553,0.9924561341194746,0.3809518009159981,0.9900148605193768,0.4776119402985074,0.6875036689387904,31839.856158113478,600000.0,44.0,,,,,,0.008036860005908097,0.0019682395371023367,0.00029356027241563383,0.008480604738040175,0.0007188673429923242,0.02059445276289997,0.014684299886224767,3580.5834944679423,0.0,1.5811388300841898,,,,,
covertype,xStream,0.03706532589404311,0.762438210721082,0.9829041846089106,0.08759504171738439,0.9743142452726958,0.16199490353112486,0.39225838450493183,1064.7047767162323,600000.0,44.0,,,,,,0.00983543330499478,0.02292094545957652,0.006979106431005277,0.01808194326471432,0.013949157186730527,0.05373595516308587,0.06620055300293892,56.461276266793654,0.0,1.5811388300841898,,,,,
creditcard,AE,0.23040789905840767,0.9401184418576156,0.9987993725571129,0.36513892576650686,0.9986395371331094,0.39878048780487807,0.6308719518821371,176.49947929382324,600000.0,44.0,0.02,0.1,,,,0.007072322913967243,0.0016085892843396973,7.534082564690624e-05,0.009913064793724597,0.0001798846863303268,0.021767903634943568,0.017174199503387645,2.328685069956459,0.0,1.5811388300841898,0.0,0.0,,,
creditcard,DAE,0.24684782067002745,0.9435898563213339,0.9987820363827723,0.37725185521810417,0.9985551237184109,0.4276422764227642,0.6521828866008288,249.60434589385986,600000.0,44.0,0.02,,,,,0.01703282041833203,0.0012987234090796548,0.00012855893260115225,0.013478679385319006,0.0003571794129226299,0.06064612879703011,0.04562122425903823,13.718474558346367,0.0,1.5811388300841898,0.0,,,,
creditcard,HST,0.18734030036008537,0.9287982676663022,0.9990394405458434,0.29032995566752107,0.9994154371032129,0.22723577235772358,0.4753435937543252,5924.504092693329,600000.0,44.0,,,25.0,15.0,,0.023063425002880916,0.007374417468560761,0.00012321715816144806,0.031771468514034576,0.00027940810158014743,0.034504988378717086,0.03785742992716625,6139.758375326294,0.0,1.5811388300841898,,,0.0,0.0,
creditcard,ILOF,0.12669835159081494,0.9219622129868839,0.998095513014581,0.26990553306342785,0.997221391766175,0.40650406504065034,0.636690308940261,1007.0773998260498,600000.0,44.0,,,,,,7.509360784534856e-08,2.497696104505582e-07,0.0,0.0,0.0,0.0,0.0,30.769424778265364,0.0,1.5811388300841898,,,,,
creditcard,LODA,0.2541890351313571,0.9468590788865374,0.9989680112173153,0.32701148151876447,0.9991677785248839,0.2886178861788618,0.536670783987742,10577.821959877014,600000.0,44.0,,,,,256.0,0.009519380887871682,0.002618974717384782,0.0001226288712898679,0.014229642190843234,0.00027829610817300683,0.022587510946029333,0.02114764964069607,143.55031305722312,0.0,1.5811388300841898,,,,,0.0
creditcard,PW-AE,0.25883555733902597,0.9451585947053746,0.9986685189935487,0.3806197760881196,0.9982519388706189,0.47195121951219515,0.6863099058884525,263.4290812969208,600000.0,44.0,0.1,,,,,0.012552897601987401,0.0010754565532452214,8.693814370159251e-05,0.010757911791265356,0.00019426105442107086,0.015638523627375063,0.011346803815659974,3.982389133149377,0.0,1.5811388300841898,0.0,,,,
creditcard,RRCF,0.10226854708992512,0.9504769043381833,0.9979723001031072,0.19399467324038908,0.9971876264002955,0.283739837398374,0.5287591251414577,54483.24685196877,600000.0,44.0,,,,,,0.007802492038888339,0.000998700723996536,0.00042146928497078764,0.009309535178677275,0.000963497077233662,0.07247011003466723,0.06422957198339951,404.55735763135885,0.0,1.5811388300841898,,,,,
creditcard,xStream,0.005049387139348632,0.7102137150638341,0.9904217954025508,0.02682782141898458,0.9827374566941597,0.08821138211382114,0.2876631583181759,1109.1752955436707,600000.0,44.0,,,,,,0.0013216259990634514,0.021480047575440944,0.010285659758964397,0.01716228171164199,0.02007762499769884,0.04431174004747239,0.06385649213072304,19.393770355249867,0.0,1.5811388300841898,,,,,
http,AE,0.005943558872165251,0.6805347584725351,0.7814803754545584,0.018668061937150753,0.6579716144188704,0.772139303482587,0.634616641916468,299.7782558441162,600000.0,44.0,0.02,0.1,,,,0.0011230688172082855,0.050147890865098854,0.12618312725604552,0.0036191935911115123,0.19296257308855166,0.40775386117932816,0.24034236000847434,12.307927018425755,0.0,1.5811388300841898,0.0,0.0,,,
http,DAE,0.008529277226104658,0.7353709744124028,0.9950570936783336,0.031920771495506,0.993876031113399,0.041429217548620535,0.20267192754983654,485.1560930728912,600000.0,44.0,0.02,,,,,0.0007281760378127164,0.024658029011465053,0.000726969107840226,0.0017153844612583843,0.0014611829243782435,0.004619057958095624,0.010866251566188746,20.819284010679795,0.0,1.5811388300841898,0.0,,,,
http,HST,0.005366132059806189,0.1948211186188387,0.99116739669517,0.05509264499591558,0.9858903530419061,0.11886024423337856,0.34184166133483196,8095.723701334,600000.0,44.0,,,25.0,15.0,,0.0020289106978394426,0.006123262468216753,0.003057868877057357,0.01984275925410499,0.006081225091253776,0.013551172385609283,0.018453290456011236,3562.402345460077,0.0,1.5811388300841898,,,0.0,0.0,
http,ILOF,0.2974553781009066,0.42602534730505975,0.9985336751224734,0.4303363074811256,0.999865555018955,0.2835820895522388,0.5324884631272158,1722.1917466163636,600000.0,44.0,,,,,,1.2051553003121113e-07,1.7407031875835432e-06,0.0,0.0,0.0,0.0,0.0,94.7517682122687,0.0,1.5811388300841898,,,,,
http,LODA,0.003098070810905031,0.38949903319025636,0.7805421567072915,0.010344571679110808,0.6413807384019637,0.48168249660786977,0.555806648783326,16449.0532971859,600000.0,44.0,,,,,256.0,1.5896308539485893e-05,0.0014377685547497297,0.0032535795674350164,3.611376375457223e-05,0.004402507678360183,0.005621801399663539,0.0015295273902660874,231.93127537396643,0.0,1.5811388300841898,,,,,0.0
http,PW-AE,0.002057241875408739,0.06512811365504209,0.5978536522586383,0.007910237883942687,0.5959931857622764,0.4066033469018544,0.07730549824516483,474.46539039611815,600000.0,44.0,0.1,,,,,1.7421247838045217e-05,0.03436155189819047,0.5426513284516321,0.00015574046341868463,0.5425023542902194,0.540250865231572,0.04856439694573715,3.9945321788051977,0.0,1.5811388300841898,0.0,,,,
http,RRCF,0.00495850528746468,0.12194808466856144,0.9963927221984777,0.03032434314447286,0.9965826208633844,0.028855721393034828,0.16945929775005555,60911.99824056625,600000.0,44.0,,,,,,0.00014593209232980863,0.001588792757098084,0.0002770980281019399,0.00047649585892123867,0.000561456662002375,0.0023804065792746762,0.007036316914231239,204.67098765613935,0.0,1.5811388300841898,,,,,
http,xStream,0.007824572493052595,0.6851863608733512,0.9564120829733455,0.03598019330472497,0.9186420349309289,0.3984622342831298,0.6045338613091582,1698.2585843086242,600000.0,44.0,,,,,,0.00042508361314248143,0.02809131110405428,0.0037809429613550926,0.0029203898789212485,0.007013088817081507,0.032869257937891624,0.024636361138868065,75.80791448375273,0.0,1.5811388300841898,,,,,
satimage-2,AE,0.6930896477441084,0.9548858398120755,0.9963941977032444,0.6655722460628435,0.9979413817166783,0.5830985915492958,0.7615451309425907,3.2151381015777587,600000.0,44.0,0.02,0.1,,,,0.0455702110707459,0.006160287093378537,0.0005539016856155131,0.05337657553534693,0.0011333134521222393,0.0729136851016608,0.048977282189768635,0.1784337605447189,0.0,1.5811388300841898,0.0,0.0,,,
satimage-2,DAE,0.4199098988586821,0.9536041791572885,0.9925574624098281,0.4327470850317566,0.992079553384508,0.43943661971830983,0.6590891092992311,5.785469484329224,600000.0,44.0,0.02,,,,,0.08554481262674696,0.002306381984100969,0.0026351604001217145,0.05135313668534821,0.0058976491668390335,0.057557230258317035,0.0402017555590688,0.5797165738885587,0.0,1.5811388300841898,0.0,,,,
satimage-2,HST,0.8742177684353976,0.9511207159214884,0.9983258423699699,0.8600424063086308,0.9988136775994418,0.8253521126760563,0.9078017546732629,84.66796817779542,600000.0,44.0,,,25.0,15.0,,0.015534680396137807,0.003931799962931392,0.0003465394741124614,0.02182150209642651,0.0009976258517443114,0.03242497023442628,0.017572536057697322,3.3092083466227913,0.0,1.5811388300841898,,,0.0,0.0,
satimage-2,ILOF,0.6044764474233222,0.9779984863823555,0.9946720237575335,0.6114649681528661,0.9933705512909979,0.676056338028169,0.8194964656487638,17.055149602890015,600000.0,44.0,,,,,,0.0,0.0,0.0,0.0,0.0,0.0,0.0,0.5113045315920116,0.0,1.5811388300841898,,,,,
satimage-2,LODA,0.8288655158632526,0.9892026239223559,0.9975023552264004,0.7772372097871538,0.9986493885745574,0.7058823529411764,0.8387589277964749,285.70656313896177,600000.0,44.0,,,,,256.0,0.029410371387800296,0.003142391649570949,0.0002202891511629576,0.022181899030665732,0.001037289449781596,0.0712894096678872,0.04121226020132537,7.386165909970616,0.0,1.5811388300841898,,,,,0.0
satimage-2,PW-AE,0.35547318418486523,0.9549113943956833,0.9882439082775678,0.3746152044087684,0.9824842986741104,0.532394366197183,0.7169407179196282,6.307673072814941,600000.0,44.0,0.1,,,,,0.08629612782684593,0.0029162192324827707,0.005665967620888984,0.04531030920159443,0.012877285511219935,0.15280229695904812,0.09701594683859441,0.7757968377391301,0.0,1.5811388300841898,0.0,,,,
satimage-2,RRCF,0.5921797469964178,0.9728536606941018,0.9949393751802695,0.5969968191226477,0.9947313328681089,0.6084507042253521,0.7766700435918859,678.4429263591767,600000.0,44.0,,,,,,0.042637435578015956,0.0025455931489844303,0.0003693403206633338,0.02838441538312601,0.0014564990554600096,0.07675733292078145,0.0493473206876253,50.554926699132565,0.0,1.5811388300841898,,,,,
satimage-2,xStream,0.39001554131210414,0.9674685236330755,0.9932841085688402,0.5445302904235508,0.991032798325192,0.6422535211267606,0.7970306982918419,23.08674349784851,600000.0,44.0,,,,,,0.031239047626222025,0.002467402503536567,0.0011362254421140553,0.03243117882436723,0.002760096351967669,0.06106896729205289,0.03766201076033627,1.19749837713714,0.0,1.5811388300841898,,,,,
shuttle,AE,0.8954340257313366,0.9739115689615889,0.9898552747475546,0.8535693970291837,0.9967753257579082,0.7765309028766734,0.8793093756772083,24.8757755279541,600000.0,44.0,0.02,0.1,,,,0.03046787895826455,0.0034520098554667203,0.003617790991850106,0.05440348335429675,0.0028610605789144983,0.05835234517020802,0.03485311470953686,0.9754328064260531,0.0,1.5811388300841898,0.0,0.0,,,
shuttle,DAE,0.9307251936191021,0.9815444544971215,0.9931440715731796,0.9073916663594925,0.9958408283244855,0.8754770720592424,0.9336015265468735,36.63307266235351,600000.0,44.0,0.02,,,,,0.01616046198289135,0.0011781781435666364,0.0020242623536498505,0.027918257392527724,0.0020597366361287733,0.03214698506721304,0.01788713827871793,0.8214107447355994,0.0,1.5811388300841898,0.0,,,,
shuttle,HST,0.8194445518282627,0.9748785738644694,0.9881220642889051,0.8581595567535611,0.9831483350151362,0.9123326687553404,0.9469805819786961,575.80913772583,600000.0,44.0,,,25.0,15.0,,0.08929460917169403,0.00394215695771642,0.004360463864457731,0.04532917134767139,0.009095480607731106,0.025217674972928174,0.012209373450775472,8.060290904563896,0.0,1.5811388300841898,,,0.0,0.0,
shuttle,ILOF,0.19260947765924993,0.5506129147192165,0.953244668156473,0.28310046573519626,0.963804676874479,0.24238108800911423,0.4833301420448645,148.56226782798768,600000.0,44.0,,,,,,3.1482170586910467e-07,8.039781508268637e-07,0.0,0.0,0.0,0.0,0.0,7.848718514740928,0.0,1.5811388300841898,,,,,
shuttle,LODA,0.8180424114695857,0.9783183621958118,0.9812542622397608,0.7698472349766703,0.9771951488423374,0.8112288742480664,0.8903384780400907,1696.7164298534394,600000.0,44.0,,,,,256.0,0.0028629378223396663,0.0003448179717993126,0.00022914757130989581,0.0029469849146025527,0.0008922233331516029,0.009793939270855806,0.005032092578635704,15.19959222490139,0.0,1.5811388300841898,,,,,0.0
shuttle,PW-AE,0.9573227211082944,0.985610136817278,0.996344640373121,0.9510352039516732,0.9985521870749791,0.9236684705212189,0.9603761210541133,40.369307327270505,600000.0,44.0,0.1,,,,,0.0023286968909437275,0.0004605565653705332,0.0005612723016983134,0.007424974112352802,0.0007333178892838416,0.0067910105483145735,0.0037459078639997525,1.0806384325836083,0.0,1.5811388300841898,0.0,,,,
shuttle,RRCF,0.4561808193115396,0.945241962750135,0.9514015476808787,0.5536675302440404,0.924138990040802,0.7594417544859015,0.8374171596445763,4927.344675779343,600000.0,44.0,,,,,,0.022737800464662457,0.006723129952263263,0.004343300472211807,0.02953375719879118,0.007893495324776748,0.046817284189735034,0.025384943436037564,262.9634195872621,0.0,1.5811388300841898,,,,,
shuttle,xStream,0.11625515640936243,0.718699498663082,0.7252044685536029,0.22447760515148724,0.5785372702145395,0.8182284249501567,0.6848889817701395,151.91822266578674,600000.0,44.0,,,,,,0.003922244643011314,0.008360626310411299,0.04225743114718221,0.006052944676788806,0.05697682425139198,0.0949687983550648,0.013228722111120318,5.0424263156157725,0.0,1.5811388300841898,,,,,
smtp,AE,0.012584140587359577,0.561762154055323,0.9996846145071411,0.11861606869954959,0.9996425793158548,0.13333333333333333,0.36508310985795883,67.98794388771057,600000.0,44.0,0.02,0.1,,,,0.0014137995671468446,0.01702442069231683,3.604751627788718e-05,0.012059683755853163,7.206919875115508e-05,0.0,1.3160334022487784e-05,3.558266624092543,0.0,1.5811388300841898,0.0,0.0,,,
smtp,DAE,0.008092753324947645,0.6567996131446713,0.9994310227256801,0.08863697705802968,0.9991358829342136,0.13333333333333333,0.36499055569829714,85.98951025009156,600000.0,44.0,0.02,,,,,0.0050127104602171275,0.04249320375236784,0.0003352362815718547,0.047884578835203244,0.0006698039981364547,0.0,0.00012234995956364605,4.803004353970409,0.0,1.5811388300841898,0.0,,,,
smtp,HST,0.004713374907696651,0.7913320578320684,0.9976697909381544,0.027436938634915187,0.9955995206357884,0.2066666666666667,0.45275380416444105,1098.2548067569733,600000.0,44.0,,,25.0,15.0,,0.0004276710779470558,0.006053249446239195,0.00021436122915296748,0.004526943624277256,0.00042705343018810654,0.027888667551135858,0.031041275624687777,30.928109901736942,0.0,1.5811388300841898,,,0.0,0.0,
smtp,ILOF,0.054314947569264235,0.822852217059479,0.9997634753357335,0.21052631578947373,0.9997792401656749,0.2,0.44716422937566797,266.87078590393065,600000.0,44.0,,,,,,1.6460638227154603e-09,1.6323353164710598e-06,0.0,0.0,0.0,0.0,0.0,3.151353812511041,0.0,1.5811388300841898,,,,,
smtp,LODA,0.0007656708519647095,0.595888162749025,0.9989439641223832,0.012398896977716622,0.9981933171708655,0.04,0.1975166473451912,3273.8951609134674,600000.0,44.0,,,,,256.0,0.00010043713536783515,0.009128809085279249,0.00037723853546337433,0.0035340759975244986,0.0007546978426744393,0.014907119849998597,0.03375577321367951,47.19639832994541,0.0,1.5811388300841898,,,,,0.0
smtp,PW-AE,0.0012267128458119472,0.6794292482251609,0.9938742459712122,0.008366401153962134,0.9881441456594413,0.1,0.2937983751802972,93.71994924545288,600000.0,44.0,0.1,,,,,0.0008843858791714876,0.09818042193888578,0.00509487628819998,0.00815109793020669,0.010032762891476905,0.07817359599705717,0.12372329975140993,4.262326864844865,0.0,1.5811388300841898,0.0,,,,
smtp,RRCF,0.008434216209528753,0.7775698897602478,0.9993836319739587,0.05508302009928956,0.9990475790004835,0.11333333333333333,0.32437109504630834,10206.83702788353,600000.0,44.0,,,,,,0.000548808129128564,0.006464777989272404,0.00040073214936157194,0.006013678754526473,0.0008232134570338311,0.07302967433402216,0.0997559694046184,36.62379785043022,0.0,1.5811388300841898,,,,,
smtp,xStream,0.00029219749170273236,0.4824198081141503,0.7347205528727111,0.0010874853191264898,0.6713306561823267,0.39333333333333337,0.31103595153051755,274.99852480888364,600000.0,44.0,,,,,,2.1324573677578147e-05,0.020588254371141715,0.3451024397899926,0.0003329691031532131,0.41483135462160814,0.4633213427705081,0.13046887477948196,3.5951359866956616,0.0,1.5811388300841898,,,,,
