Score,Label
0.13162373006343842,1.0
0.9998599588661717,1.0
0.9636891614101805,1.0
0.9752864618291947,1.0
1.0082814064313508,0.0
1.0062120310640696,0.0
0.9428601889283789,0.0
0.9502656967163678,0.0
0.9717816041971071,0.0
0.9744383155259277,0.0
0.9502479625508895,0.0
0.9546453009232551,0.0
0.8958630806333889,0.0
0.9041622090445286,0.0
0.9321951661996634,0.0
0.9781089117103571,0.0
0.9790389989344886,0.0
0.9839306003087904,0.0
0.9840334641531905,0.0
0.9304712523832444,0.0
0.9333252924972677,0.0
0.9704343076711811,0.0
0.9718873529964971,0.0
0.9409857508941132,0.0
0.9430870419408764,0.0
0.9413738399813496,0.0
0.9432819528638036,0.0
0.9451852661830301,0.0
0.9468240895626489,0.0
0.9567027856364705,0.0
0.9578628990290283,0.0
0.9395615156620716,0.0
0.9426981276993595,0.0
0.9465951362995991,0.0
0.9458782279628123,0.0
0.9387085306611779,0.0
0.9379295963085083,0.0
0.8888903528524742,0.0
0.9116444661447591,1.0
0.9307190574896701,0.0
0.9296283953315782,0.0
0.9709863548854267,0.0
0.9686785953212603,0.0
0.8993813189508825,0.0
0.9013264049144623,0.0
0.9015910532221659,0.0
0.9035383408844878,0.0
0.9420508118454429,0.0
0.9427494672309689,0.0
0.9285180382719999,0.0
0.9639182850190343,0.0
0.9643058624402236,0.0
0.9032181021402672,0.0
1.0323998770374805,0.0
1.028556394113932,0.0
0.922471677264978,0.0
0.9238347911290621,0.0
0.9193015741068602,0.0
0.9210348839541889,0.0
0.9213754046806992,0.0
0.9232516433775286,0.0
0.8983757112584438,0.0
0.9241545983368548,0.0
0.989273719419482,0.0
0.9864046748341774,0.0
0.9010956901131068,0.0
0.9213921519434415,0.0
1.0132254761148964,0.0
1.0105374963726117,0.0
0.992001183099209,0.0
0.9897891112675414,0.0
0.9821932666790996,0.0
0.9802212982952287,0.0
1.0011670931898953,0.0
0.9994727596280413,0.0
1.0112206717670411,0.0
1.0087991217072947,0.0
0.9953346555740946,0.0
0.9929705075845842,0.0
0.9287989939924189,0.0
0.9191426357244077,0.0
0.9686544117969174,0.0
0.9697512715353022,0.0
0.985603193994085,0.0
0.9843705025665155,0.0
0.9545327925323059,0.0
0.953878672000534,0.0
1.0541714784944631,0.0
1.0527982812249073,0.0
0.9709414511224177,0.0
0.9718183876379263,0.0
0.9865266929661007,0.0
0.9874254525540659,0.0
0.9822877925543573,0.0
0.9835932816443573,0.0
0.9748271500103216,0.0
0.975999381421878,0.0
1.0032710409963743,0.0
1.0020776651769894,0.0
1.0139398495512515,0.0
1.011083334544716,0.0
0.9106591959900784,0.0
0.8964896985083579,1.0
1.005729290135472,0.0
1.0026545141657506,0.0
1.0695408189619828,0.0
1.0653308533499306,0.0
1.0564338734324186,0.0
1.0525970433575917,0.0
0.9254572895722601,0.0
0.9254668770006038,0.0
0.9200632250870824,0.0
0.920480504391484,0.0
0.9276282317371888,0.0
0.9272837903900083,0.0
0.899306992777739,0.0
0.96839614842147,0.0
0.9678406636667781,0.0
1.1160035676104036,1.0
1.1147275328316628,1.0
1.1100255869295703,1.0
1.1088289722500273,1.0
0.9171877817344333,0.0
0.9173063430156712,0.0
0.9175284875301112,0.0
0.9050506968344249,0.0
0.9056932963218323,0.0
0.9095273810245628,0.0
0.9103325025389533,0.0
0.8781689926050071,0.0
0.9133631844210877,0.0
1.0106134779893767,0.0
1.0071074128154307,0.0
0.8938227339855453,0.0
0.9907961319557246,0.0
0.9884924235159744,0.0
0.9766570345976695,0.0
0.9745923202723619,0.0
0.9940308432343037,0.0
0.9920473419946066,0.0
1.007467428889882,0.0
1.004789980952807,0.0
0.9903051139012835,0.0
0.98792836085279,0.0
0.9230905555847909,0.0
0.9119485476258825,0.0
1.0013300194584607,0.0
1.000136123554069,0.0
0.9614359736419091,0.0
0.9620937829721723,0.0
0.9508619003938901,0.0
0.9497010689664384,0.0
1.0495968754278675,0.0
1.0484995334090208,0.0
1.009976425198633,0.0
1.007362711297984,0.0
0.9618000255263615,0.0
0.962625981778195,0.0
0.9782877161676106,0.0
0.9792086305761345,0.0
0.9740264860238661,0.0
0.9753379743367712,0.0
0.9654555082700259,0.0
0.9666058515479578,0.0
0.9802378766466182,0.0
0.9789058879842716,0.0
1.0116841238949599,0.0
1.0088488174843493,0.0
0.9067558480292144,0.0
0.8897884309754279,1.0
1.069918510775234,0.0
1.0659155889400025,0.0
1.0576380271376413,0.0
1.0539474887478713,0.0
0.9199035047449138,0.0
0.9197058427539824,0.0
0.9147337341160858,0.0
0.9149368800136477,0.0
0.9206589778337415,0.0
0.9201307615239702,0.0
0.893075937517571,0.0
0.9617272772287029,0.0
0.9611121685934421,0.0
1.1140702111663197,1.0
1.1132006380921624,1.0
1.1088243980349235,1.0
1.1079971727820435,1.0
0.9993418061877524,0.0
0.9962614684088389,0.0
0.911623201660703,0.0
0.9116582613772736,0.0
0.897072622543144,0.0
0.8975237915338423,0.0
0.9008256427483203,0.0
0.9014591363548561,0.0
0.8703738163145888,0.0
0.903692253577395,0.0
1.0051234696511215,0.0
1.0014852893370083,0.0
0.888099471422369,0.0
0.9127153555761376,0.0
0.9858891664171194,0.0
0.9834938705762108,0.0
1.0018869048829664,0.0
0.999234189545586,0.0
1.0061454925400302,0.0
1.0035292378766822,0.0
0.9688762377326111,0.0
0.9667757342869013,0.0
0.9855031986439402,0.0
0.9831524717297041,0.0
0.9101168164871829,0.0
0.9860796306144927,0.0
0.9841057141530827,0.0
0.90258343958333,0.0
0.9585169280892369,0.0
0.959664264686292,0.0
0.97793614556636,0.0
0.9765572545462756,0.0
0.9432403299282428,0.0
0.9420093437343101,0.0
0.9502055515193036,0.0
0.9508448596231545,0.0
0.9525812971076826,0.0
0.9533891136600852,0.0
0.9672623451456199,0.0
0.9682089166358421,0.0
0.965295750762476,0.0
0.9666174633297417,0.0
1.009338108965547,0.0
1.0064860801853481,0.0
0.994597992003998,0.0
0.9933844824849765,0.0
1.038127647092008,0.0
1.0371520797547482,0.0
0.9972164113401457,0.0
0.9938272004962491,0.0
0.8834203571798452,0.0
0.8818698564423888,1.0
1.1112315033944262,1.0
1.1105443783626963,1.0
1.1062934930705013,1.0
1.105636401074787,1.0
1.0654854894942922,0.0
1.0615855040512363,0.0
1.0535370352344806,0.0
1.0499235780841765,0.0
0.9108359836745552,0.0
0.9105411405448774,0.0
0.9113512311552971,0.0
0.9107363358510052,0.0
0.8838116147494841,0.0
0.9527079590797415,0.0
0.9526126749378809,0.0
0.9076373472959136,0.0
0.9083730151322464,0.0
0.9068004965978568,0.0
0.9090820411498279,0.0
0.9093983642565457,0.0
0.8939879758852786,0.0
0.8947834140813139,0.0
0.8958890124227578,0.0
0.8967813436289126,0.0
0.8680378277137026,0.0
0.8979957009401615,0.0
1.0047129846935607,0.0
1.0014207464942415,0.0
0.9067004025100831,0.0
1.0003831214019019,0.0
0.9956382850586842,0.0
0.9938410132485078,0.0
1.0161827013163212,0.0
1.0148711225797147,0.0
1.0277655297985075,0.0
1.0264895605736666,0.0
1.0370487436716929,0.0
1.0351042464863554,0.0
1.0337563769541336,0.0
1.0319879999066963,0.0
1.001734846498585,0.0
1.0103674274107952,0.0
1.0097696598663561,0.0
1.0072244373657464,0.0
1.0051468408506474,0.0
1.0003274762570253,0.0
0.9997479779744147,0.0
1.0410304853377066,0.0
1.040599109861717,0.0
1.0156258110640197,0.0
1.0167795069057894,0.0
1.0287520288356202,0.0
1.0300838530732028,0.0
1.037960496391835,0.0
1.0396397101728259,0.0
1.0524861022567138,0.0
1.0541474036929195,0.0
1.0497267033758546,0.0
1.0511479811482924,0.0
0.9959958028852169,0.0
0.9950288018054076,0.0
1.0054045773950562,0.0
1.0030918552476193,0.0
0.9921351004667979,0.0
1.000367587396704,1.0
1.0867931639620134,1.0
1.0865307427928537,1.0
1.0826637640602343,1.0
1.0819365445915705,1.0
1.0598904542792402,0.0
1.056299011566766,0.0
1.0426338682479832,0.0
1.039341728788823,0.0
0.9854824991901945,0.0
0.9855000052570589,0.0
0.9844053939121153,0.0
0.9850736454128579,0.0
0.9546861045074951,0.0
0.9544900166790713,0.0
0.9771685192720236,0.0
1.0128007991133168,0.0
1.0128162817719781,0.0
1.0059385068495388,0.0
1.003295478453139,0.0
0.9842441224008002,0.0
0.9755569640171169,0.0
0.976139967879771,0.0
0.96137453963403,0.0
0.9624535698483827,0.0
0.9617986257572326,0.0
0.9630237338566934,0.0
0.9463295779745727,0.0
0.9577119554161323,0.0
1.0204103919709628,0.0
1.017402343513134,0.0
0.9667693062591431,0.0
0.9608390581444475,0.0
0.9589375600559777,0.0
0.9821282361717444,0.0
0.9809602199130281,0.0
1.00407852060421,0.0
1.0021057152789892,0.0
0.999565915375564,0.0
0.9978322800554847,0.0
0.9600299882809133,0.0
0.9576379017014923,0.0
0.9751757363352818,0.0
0.9745366380648336,0.0
0.9755429185839268,0.0
0.977033202956893,0.0
0.9592590588047227,0.0
0.9588771641825168,0.0
1.0080696079621743,0.0
1.0074655067273557,0.0
0.9734460060570441,0.0
0.9715174458909468,0.0
0.9884061714167838,0.0
0.9902929832207724,0.0
0.99871021964133,0.0
1.000741665299234,0.0
1.011721934818654,0.0
1.0135187964372163,0.0
1.0095717889395976,0.0
1.0111054966333042,0.0
0.9633485680755571,0.0
0.9623265905473426,0.0
0.9774446081376948,0.0
0.9748581627012319,0.0
0.9932551579936875,0.0
0.9919196541716505,0.0
1.065221121692637,1.0
1.0653585551753275,1.0
1.0623155417355983,1.0
1.0624520256873256,1.0
0.9600461674508134,1.0
1.0378919018228332,0.0
1.0342952555623521,0.0
1.021236687274073,0.0
1.017885673521611,0.0
0.9521773071666388,0.0
0.9521948732732339,0.0
0.9498363523407884,0.0
0.9502647980462648,0.0
0.9279305557490862,0.0
0.9281011184804255,0.0
0.9452647192654499,0.0
0.982037810630539,0.0
0.9820884459780921,0.0
0.9589669504205882,0.0
0.9831148742644868,0.0
0.9805342884043855,0.0
0.9447183056381147,0.0
0.9453750108403349,0.0
0.927965993200472,0.0
0.9290209708840663,0.0
0.928656637780206,0.0
0.9296609762854491,0.0
0.9133284577165561,0.0
0.924508245142467,0.0
0.9975590523654105,0.0
0.9945303841372151,0.0
0.938923477074878,0.0
0.9559864582253335,0.0
0.9816924484170559,0.0
0.9798350908197416,0.0
0.9685001735479783,0.0
0.9667166517834266,0.0
0.9906240185244479,0.0
0.9890219283622709,0.0
1.0016955848647286,0.0
1.0003517388990966,0.0
1.0093858899393315,0.0
1.0073214463475602,0.0
1.0062455981017917,0.0
1.0043182137041047,0.0
0.9596991220594052,0.0
0.9557339408752301,0.0
1.0121251606614992,0.0
1.0118652230180485,0.0
0.9671736806648626,0.0
0.9659806828185479,0.0
0.9585757338122362,0.0
0.9583373791550599,0.0
0.9749638882374865,0.0
0.9766164557150055,0.0
0.9881318867952065,0.0
0.9893495386756757,0.0
0.9971747902232816,0.0
0.9985520653164575,0.0
1.0064069609028945,0.0
1.008119123129931,0.0
1.0044049699292603,0.0
1.0057617272131427,0.0
0.9800576660103153,0.0
0.9792710232116217,0.0
0.985710859665588,0.0
0.9838844523290318,0.0
0.996167742071722,0.0
0.9939402989758732,0.0
0.9448312122072986,0.0
1.0827139753549482,1.0
1.081917633236387,1.0
1.07784865998721,1.0
1.0770043113171344,1.0
1.04885664151083,0.0
1.04504877096768,0.0
1.0322719882274118,0.0
1.02863525537437,0.0
0.95195968257007,0.0
0.9522630080770997,0.0
0.9482724265596036,0.0
0.9485334824105337,0.0
0.9330392444595212,0.0
0.9330398204299337,0.0
0.9454988616389159,0.0
0.9836679545840273,0.0
0.9836815777556791,0.0
0.9504288565884492,1.0
0.9600333923594022,0.0
0.9464430428316598,0.0
0.9468614188275611,0.0
0.9260404799088292,0.0
0.9270021179591591,0.0
0.9266143454596953,0.0
0.9277920593801228,0.0
0.9121414273296315,0.0
0.9214575162134656,0.0
1.0060650247508252,0.0
1.002907206658681,0.0
0.9649050721952153,0.0
1.0213756923887813,0.0
1.0188375326671453,0.0
1.0060569396437937,0.0
1.0037899782893036,0.0
1.0259012661288311,0.0
1.0240085251750188,0.0
1.0371162102613147,0.0
1.035475342653658,0.0
1.0462230756224862,0.0
1.0439020436860855,0.0
1.0401263899924236,0.0
1.0381744479710124,0.0
0.9887801947350783,0.0
0.9813900948153452,0.0
1.0441632545365076,0.0
1.043788680974041,0.0
0.998388874473506,0.0
0.9973343898778778,0.0
0.9853024807084042,0.0
0.9841196394309166,0.0
1.0007894401990456,0.0
1.0024462755972958,0.0
1.012185422495982,0.0
1.0139552613893186,0.0
1.0234820875757673,0.0
1.025273676420201,0.0
1.031530975831267,0.0
1.0335961773965783,0.0
1.0246508418132292,0.0
1.0217543844298138,0.0
1.0158630573276484,0.0
1.01464648998818,0.0
1.0285717899325448,0.0
1.0296705438311586,0.0
1.029934346721321,0.0
1.0268511111985303,0.0
0.9733041711309625,0.0
0.9712170370943803,1.0
1.1231682481800636,1.0
1.1221229268836561,1.0
1.1177247049425223,1.0
1.1166271978042173,1.0
1.084331167106349,0.0
1.0802049681245522,0.0
1.0664126412494765,0.0
1.0624762925646032,0.0
0.974396408994721,0.0
0.9744561445500626,0.0
0.9636596883019403,0.0
0.9630951223732894,0.0
0.9683103511709853,0.0
1.0079293073366593,0.0
1.0076570361997415,0.0
0.9684912053607496,0.0
0.9690008979092056,0.0
0.9866142317076798,0.0
0.9700947251481571,0.0
0.9705290851615823,0.0
0.9472529871945363,0.0
0.9481593805783448,0.0
0.94813801410611,0.0
0.9491251561886402,0.0
0.9331271530407678,0.0
0.9443840232610436,0.0
1.0382906579541702,0.0
1.0350407865313915,0.0
0.9913524837241576,0.0
0.9555855949121959,0.0
0.9377519939447511,0.0
0.9360894637481996,0.0
0.9294104687252619,0.0
0.9278835042934381,0.0
0.9582575812644498,0.0
0.9571011307137495,0.0
0.9672207012313001,0.0
0.9662928291970682,0.0
0.9756505837148018,0.0
0.9741364357819083,0.0
0.9774180868039113,0.0
0.9760599998560786,0.0
0.9449778214585957,0.0
0.9445787738129181,0.0
0.9450300722178282,0.0
0.9430127222515258,0.0
0.949521939614004,0.0
0.9492281367713074,0.0
0.9697084990115248,0.0
0.9700162253521518,0.0
0.9671176100861115,0.0
0.9690867970404224,0.0
0.9825374222722695,0.0
0.9845373023533346,0.0
0.9930778488463058,0.0
0.9952018927984196,0.0
1.0109356302805623,0.0
1.013151529453419,0.0
1.0137990831494517,0.0
1.0157640610233312,0.0
0.940697493054076,0.0
0.9399573715103189,0.0
0.955185220651539,0.0
0.952824314026922,0.0
0.9590315591184437,0.0
0.9353689300455117,0.0
1.0079953717958348,0.0
1.0047919013711095,0.0
0.9891190151532024,0.0
0.9861774554644985,0.0
0.9504254716255145,0.0
0.9508021150114568,0.0
0.9492681311234465,0.0
0.9500616452611982,0.0
0.9140031966676434,0.0
0.9141479529808216,0.0
0.943038058566193,0.0
0.9737322273210064,0.0
0.973863362573527,0.0
0.9613566692513792,0.0
1.030771911797115,1.0
1.0303456342083939,1.0
1.0268342512291762,1.0
1.02651408992131,1.0
0.9495985710825484,0.0
0.936420872936406,0.0
0.9372120244445827,0.0
0.9233740436698515,0.0
0.9244898889457263,0.0
0.9243730572445338,0.0
0.925758338206206,0.0
0.9077806115763964,0.0
0.9124626463113408,0.0
0.9772961833297432,0.0
0.9743854515400233,0.0
0.9761199228390063,1.0
0.9126111229141575,0.0
0.9109749101002862,0.0
0.9411446423540527,0.0
0.9398891344525067,0.0
0.949782731516777,0.0
0.9487648681615102,0.0
0.9595459540290163,0.0
0.9579125872048692,0.0
0.9602795478394164,0.0
0.9588067969784577,0.0
0.9384310693486747,0.0
0.9308896323335345,0.0
0.9244201487467311,0.0
0.9240213756352079,0.0
0.9420423450818588,0.0
0.9437555647169786,0.0
0.9266749059003527,0.0
0.9266942222843427,0.0
0.9472739363963352,0.0
0.9475598789101318,0.0
0.9583397688690146,0.0
0.9600542507696154,0.0
0.9687908693660457,0.0
0.9709956704661984,0.0
0.9858147398413266,0.0
0.9882783521814998,0.0
0.9884840638338065,0.0
0.9904272511125399,0.0
0.9258581802206655,0.0
0.9239102624795963,0.0
0.9209142367794012,0.0
0.9201290304279256,0.0
0.9315918351416995,0.0
0.9295315234292,0.0
0.942110964334476,0.0
0.9395546569871276,0.0
0.9488580576889726,1.0
0.9964794564072911,0.0
0.9931466915820056,0.0
0.9770191086608404,0.0
0.9739241299459291,0.0
0.9294803502486846,0.0
0.9297874882560699,0.0
0.9257828686482146,0.0
0.9264636255824157,0.0
0.8953961729200665,0.0
0.8957380249110924,0.0
0.9216791678931536,0.0
0.9541306275590893,0.0
0.9542861688439698,0.0
0.9409893282717136,0.0
1.0212299720571092,1.0
1.0208577915123551,1.0
1.0172894052704609,1.0
1.0170248306121399,1.0
0.9164211617953555,0.0
0.9172853961589792,0.0
0.9008605772670804,0.0
0.9022443596609838,0.0
0.9024725781311588,0.0
0.9040566398619645,0.0
0.8871507659134277,0.0
0.8908341782164638,0.0
0.9667348277666291,0.0
0.9640375020977485,0.0
0.9173199052546819,0.0
0.9325009535344098,0.0
0.9333993734896374,0.0
0.9315984905815936,0.0
0.96234869666167,0.0
0.9609349784170289,0.0
0.9714793863506358,0.0
0.970320288343003,0.0
0.9805158059026142,0.0
0.9787138897137134,0.0
0.9808061636219594,0.0
0.9792157782828899,0.0
0.951058652399676,0.0
0.9426826420328481,0.0
0.9416670229030245,0.0
0.9412084905668578,0.0
0.9555578932668395,0.0
0.957202162353705,0.0
0.9387312690354235,0.0
0.9384199652702225,0.0
0.9629796138875123,0.0
0.9627427416157313,0.0
0.9711010002294568,0.0
0.9732598771775787,0.0
0.981721049420321,0.0
0.984068267589166,0.0
0.9972528219540113,0.0
0.9998023131114845,0.0
0.9997226805803333,0.0
1.0019530572098856,0.0
0.9481802262599969,0.0
0.9461255794900304,0.0
0.9392436874264928,0.0
0.9384532961721199,0.0
0.9546620458251682,0.0
0.9522923725455598,0.0
0.9658518272867572,0.0
0.9632614113744071,0.0
0.9576561075466039,1.0
1.023298225620704,0.0
1.0198793149096694,0.0
1.003152442752412,0.0
0.9999849943566882,0.0
0.9438971819478608,0.0
0.9441313132975765,0.0
0.9387503127959624,0.0
0.9394298173585189,0.0
0.9128674520960297,0.0
0.9128551340444446,0.0
0.9365504909595518,0.0
0.970758501404271,0.0
0.9708830652671433,0.0
0.9580978716597546,0.0
1.0483935936348185,1.0
1.048188858860886,1.0
1.044663886654652,1.0
1.0445638912907387,1.0
0.9332833289703337,0.0
0.9342434183740371,0.0
0.9152233483342951,0.0
0.9167206474082268,0.0
0.9171097384766518,0.0
0.9188028808771054,0.0
0.9029672528109467,0.0
0.9058183443320961,0.0
0.9940929780522123,0.0
0.9913938300334395,0.0
0.9356671233759727,0.0
0.9520075942327951,0.0
0.9923254190387734,0.0
0.9903870746702753,0.0
1.0213424666983955,0.0
1.0197977942720964,0.0
1.032856101500519,0.0
1.0315628974341007,0.0
1.041111295049273,0.0
1.0391653010603832,0.0
1.040375575079339,0.0
1.038637825168192,0.0
0.9990114191008039,0.0
0.9935492803707772,0.0
0.9991338490708462,0.0
0.9986049866604692,0.0
1.0066755131759089,0.0
1.0083277560444384,0.0
0.9905145296492737,0.0
0.9901485033303338,0.0
1.019629292849316,0.0
1.0193065981437979,0.0
1.0207158098992326,0.0
1.0229186907585814,0.0
1.0320370996822266,0.0
1.0344263335021244,0.0
1.0463562085717126,0.0
1.0489445343723696,0.0
1.0478800033777536,0.0
1.0501352367350127,0.0
1.0084289048864077,0.0
1.006231107898995,0.0
0.9943101575966113,0.0
0.9933812518474472,0.0
1.015615809845076,0.0
1.0131458905600377,0.0
1.0280994626058124,0.0
1.0253631767015279,0.0
1.0025901620964592,1.0
1.0882343049533831,0.0
1.0846428437439295,0.0
1.0671128418386273,0.0
1.0637657443290114,0.0
0.9941876666676771,0.0
0.9943353446920629,0.0
0.9884837595507565,0.0
0.9890844372858155,0.0
0.9691364741614257,0.0
0.9690331802104303,0.0
0.9882292175512016,0.0
1.024224907883297,0.0
1.0242806278836087,0.0
1.012027556359459,0.0
1.1151025985884373,1.0
1.1143658931762261,1.0
1.1101832884868803,1.0
1.109425460387359,1.0
0.9833011854594729,0.0
0.9837674366998012,0.0
0.9621250412367981,0.0
0.9631453564151975,0.0
0.9633801084099355,0.0
0.964644712438115,0.0
0.9492609725193919,0.0
0.9511933813605088,0.0
1.0488809309235403,0.0
1.0454804947828742,0.0
0.9836686706658906,0.0
0.9988860177175374,0.0
0.9571224861040797,0.0
0.9551454195160942,0.0
0.949485690825369,0.0
0.9478221817219051,0.0
0.9787580581240772,0.0
0.9774264337837353,0.0
0.9899428795483167,0.0
0.9888738254754863,0.0
0.9973284916745745,0.0
0.9956081584396549,0.0
1.0003811060049346,0.0
0.9989103321175217,0.0
0.9898065079735122,0.0
0.9836789444484766,0.0
0.9785564822866711,0.0
0.9784331937223769,0.0
0.9574653906180298,0.0
0.9567894648425485,0.0
0.975106137487263,0.0
0.9746539488986623,0.0
0.9925621788567286,0.0
0.9944373423161975,0.0
1.0105650804400068,0.0
1.0124867963925552,0.0
1.0196126696662267,0.0
1.0215778510129034,0.0
1.0403097376543287,0.0
1.0425930304767173,0.0
0.963196500371231,0.0
0.9608245193031784,0.0
0.9560818586807984,0.0
0.9557235851296217,0.0
0.9730500692493314,0.0
0.9704411987484579,0.0
1.0447979781604766,0.0
1.0471740846429334,0.0
0.9632751340368594,0.0
1.0475118313909026,1.0
1.0470005705336867,1.0
1.0432208923695077,1.0
1.0426709820498337,1.0
1.0247985068260985,0.0
1.0212752037324122,0.0
1.0047495163638582,0.0
1.0015455061529706,0.0
0.9737577408917094,0.0
0.974042495488393,0.0
0.9701456597153068,0.0
0.9711394409423157,0.0
0.930100593319178,0.0
0.9301742636385104,0.0
0.964396737897041,0.0
0.9923818155310724,0.0
0.9925156999661656,0.0
1.0062317143907973,1.0
0.9713645655008288,0.0
0.9566148407250652,0.0
0.9573769009432234,0.0
0.9420585692425902,0.0
0.9433411680650116,0.0
0.9437488682914665,0.0
0.9451319098896224,0.0
0.9272021765141644,0.0
0.9277414117873993,0.0
0.99655744980238,0.0
0.9935008079020746,0.0
0.9877969991475791,0.0
0.9252580209377742,0.0
0.923522328681486,0.0
0.9543243872674876,0.0
0.9529674082035615,0.0
0.9653925341636501,0.0
0.9642875815549736,0.0
0.9739249363860818,0.0
0.9721816619736612,0.0
0.9760591126347343,0.0
0.974501506173168,0.0
0.9593898632709191,0.0
0.9517140726749115,0.0
0.9318534686016535,0.0
0.931316427373395,0.0
0.9623834255007685,0.0
0.9640126067424665,0.0
0.9431277713060635,0.0
0.9427488625732459,0.0
0.9519368176934403,0.0
0.9518916174506183,0.0
0.979720647131912,0.0
0.9817273272449412,0.0
0.9894324728857384,0.0
0.9915632008255195,0.0
1.008682668139517,0.0
1.0109585181383993,0.0
1.0119876115321675,0.0
1.0139775940553701,0.0
0.9326491967127963,0.0
0.9304711129005864,0.0
0.9291282206980637,0.0
0.9284893685940219,0.0
0.9398517956133068,0.0
0.9376033290289344,0.0
0.9508492503143952,0.0
0.9484831879803401,0.0
0.9726439840089011,1.0
1.007406202455489,0.0
1.0038511257180838,0.0
0.9870565490045787,0.0
0.9837494183824828,0.0
0.9457562388668966,0.0
0.9460438091602177,0.0
0.9417710247357544,0.0
0.9424507339469226,0.0
0.9058792550629879,0.0
0.9061778293231797,0.0
0.9372150848695918,0.0
0.966435297986811,0.0
0.9665731284379275,0.0
0.9612642404102277,0.0
1.0276930608458335,1.0
1.0273076823559626,1.0
1.0236291845904095,1.0
1.023299028523827,1.0
0.9290263447530918,0.0
0.9299076905678765,0.0
0.9130643358018621,0.0
0.914470877528336,0.0
0.9159379840819376,0.0
0.9174411851849038,0.0
0.8993211283536031,0.0
0.8999564522827125,0.0
0.9770374223331235,0.0
0.974022905168201,0.0
0.9350641588698642,0.0
0.9462103913270986,0.0
0.9499302583315803,0.0
0.947880355336952,0.0
0.9411881946285214,0.0
0.939404491119439,0.0
0.9712963274802523,0.0
0.9698948972293014,0.0
0.9830554513632715,0.0
0.9819225742032236,0.0
0.9913079755227181,0.0
0.989472652022713,0.0
0.9934850645395221,0.0
0.9916124631748225,0.0
0.9683032314778923,0.0
0.9614898932579212,0.0
0.965322241391654,0.0
0.9651839243893243,0.0
0.9434514151215627,0.0
0.9427315472691115,0.0
0.9523008702371332,0.0
0.9518659702576695,0.0
0.9715005993815199,0.0
0.9733934870010823,0.0
0.9884049573535112,0.0
0.9903480474889567,0.0
0.9986930996400416,0.0
1.000605387886246,0.0
1.016125487869148,0.0
1.018350129268379,0.0
0.9582942192945452,0.0
0.9557871240222764,0.0
0.9459244074497987,0.0
0.9454599061261487,0.0
0.9698782230768515,0.0
0.9671022087740633,0.0
1.0190336485315232,0.0
1.0214481756107765,0.0
0.9470118779407761,0.0
1.0535956403168163,1.0
1.0529914985364779,1.0
1.0490116940734375,1.0
1.0483435407246573,1.0
1.0261927860120692,0.0
1.0224604124919285,0.0
1.0053862528720827,0.0
1.0019106271232214,0.0
0.9536111468758178,0.0
0.9541376729629205,0.0
0.9499973081314713,0.0
0.9507474388039486,0.0
0.9185855581542427,0.0
0.9188557997435828,0.0
0.9464823490120821,0.0
0.9787062386439691,0.0
0.9790700302066783,0.0
0.9745893361465404,1.0
0.9581171061691126,0.0
0.9406093222088387,0.0
0.9416095291373079,0.0
0.9245219186716208,0.0
0.926043550658337,0.0
0.9273893814065015,0.0
0.9289513689350681,0.0
0.9115530816838808,0.0
0.9125454380977714,0.0
0.9978015732175702,0.0
0.9948228947030301,0.0
0.9796233957104163,0.0
1.0072742648019002,0.0
1.0051407443245035,0.0
0.9971618583986434,0.0
0.99527564386431,0.0
1.0277861593426079,0.0
1.0262825940751965,0.0
1.0386729295325874,0.0
1.0374439299589815,0.0
1.0492675207664468,0.0
1.047310692276821,0.0
1.0497287610734471,0.0
1.0477792091431828,0.0
1.015589355932939,0.0
1.0056751966975843,0.0
1.020702860593991,0.0
1.0205213165589944,0.0
0.9968449130717263,0.0
0.9960858411665059,0.0
1.0008213215944894,0.0
1.0002889139872337,0.0
1.0198052732178093,0.0
1.0217153272395931,0.0
1.037037066684217,0.0
1.0389887018434336,0.0
1.0476756685988817,0.0
1.0495273492316968,0.0
1.0633339799732817,0.0
1.0654973694303347,0.0
1.0168156874759193,0.0
1.0142051271992143,0.0
1.001819071749432,0.0
1.001284805415853,0.0
1.0289599276858583,0.0
1.026070098920703,0.0
1.0646423533892506,0.0
1.0670924423025392,0.0
0.9991721063216963,0.0
1.1174656043113371,1.0
1.1168154541161044,1.0
1.1126870280654602,1.0
1.111937043811963,1.0
1.0883929054204708,0.0
1.084512559649459,0.0
1.0665541718664533,0.0
1.0629431553323574,0.0
1.0022656074895222,0.0
1.002773281453131,0.0
0.9978416999574188,0.0
0.9985437111837929,0.0
0.9725278297179449,0.0
0.9724204079437841,0.0
0.9954831794506651,0.0
1.0287158132036112,0.0
1.0285263942690037,0.0
1.015523942018008,1.0
1.006823998260419,0.0
0.9891702033142519,0.0
0.9897339282523002,0.0
0.9701045197704478,0.0
0.9712306119783314,0.0
0.972161154198392,0.0
0.9735145121347909,0.0
0.9573581965923156,0.0
0.9576555025234244,0.0
1.051454204891027,0.0
1.0480387093235413,0.0
1.0254793505375799,0.0
0.9397886036309289,0.0
0.9378415078786716,0.0
0.933659028807238,0.0
0.9320156104950703,0.0
0.9676159804650534,0.0
0.9663969080374769,0.0
0.9752130839190959,0.0
0.9742511069020795,0.0
0.9860033962348601,0.0
0.9844022856182238,0.0
0.9908219675484313,0.0
0.9890849470496946,0.0
0.9824592522501737,0.0
0.9758976705386456,0.0
0.9616098512063486,0.0
0.9616403523241603,0.0
0.943687863972597,0.0
0.9433642528814095,0.0
0.9641306020445248,0.0
0.9638107713465056,0.0
0.9848619784165697,0.0
0.9869710093869984,0.0
1.0059037386827456,0.0
1.0081251862960958,0.0
1.0159843060257845,0.0
1.0183224386312515,0.0
1.0391673204505376,0.0
1.041759571721381,0.0
0.946794094511826,0.0
0.9446046516084049,0.0
0.9430899900451709,0.0
0.9427335520893805,0.0
1.0440284942208737,0.0
1.0460409881231076,0.0
0.9605023886085102,0.0
0.9579447052165434,0.0
0.962637794841701,0.0
1.0099959151538258,1.0
1.0298754019047685,1.0
1.0293493483188736,1.0
1.0255835471871537,1.0
1.0250128181669471,1.0
1.0082807687226163,0.0
1.0047738228294105,0.0
0.9888276745705119,0.0
0.9855712465240076,0.0
0.9638097555049978,0.0
0.9644678714776403,0.0
0.9192092576312803,0.0
0.9195868833545866,0.0
0.9572892712053482,0.0
0.9816245302541409,0.0
0.9818436453747423,0.0
0.9653248106322196,0.0
0.9663083318035335,0.0
0.9681594658439057,0.0
0.9477998121524552,0.0
0.9486552826481617,0.0
0.9340800557113302,0.0
0.9354976959281016,0.0
0.9377810931848223,0.0
0.9393213254288458,0.0
0.9197339249869941,0.0
0.9195456644264521,0.0
0.9847734104166492,0.0
0.9817321033230176,0.0
0.9886074742224896,0.0
0.948989540232169,0.0
0.9119150742528804,0.0
0.9101654984166908,0.0
0.9454604019622185,0.0
0.9441804782348984,0.0
0.95406861619689,0.0
0.9530491163831168,0.0
0.9651210561663062,0.0
0.9634482725368353,0.0
0.9680072513751554,0.0
0.966532566051945,0.0
0.9542321442602085,0.0
0.9209637686853952,0.0
0.9204975262433347,0.0
0.9195850469714213,0.0
0.9175517567327723,0.0
0.9381141879611548,0.0
0.9378121675737976,0.0
0.9387293176789411,0.0
0.9388329884695191,0.0
0.9572095320848371,0.0
0.9592406654634393,0.0
0.9778888551138655,0.0
0.9799703196708202,0.0
0.9878114094156932,0.0
0.9899448712011,0.0
1.0099589217254865,0.0
1.0124165686976896,0.0
1.013509834713897,0.0
1.0155389504080372,0.0
0.9186648857119009,0.0
0.9181027101166733,0.0
0.9248728890145322,0.0
0.9226729285317165,0.0
0.9648007275702138,0.0
0.9759062599119782,1.0
0.9929319577846567,0.0
0.9897754481001063,0.0
0.9733663373431364,0.0
0.9701440346796082,0.0
0.9393230826032315,0.0
0.9397308742820908,0.0
0.9403918472937466,0.0
0.9412725619881377,0.0
0.8976335819228355,0.0
0.8977429167326358,0.0
0.9326704503726206,0.0
0.9590538020292948,0.0
0.9592628319165555,0.0
0.9392512696888659,0.0
0.9365546762506128,0.0
1.0124182068545498,1.0
1.0119344044975365,1.0
1.0081197974948661,1.0
1.0077777933699705,1.0
0.9228724008595403,0.0
0.9238497069973494,0.0
0.9073468020178934,0.0
0.9089014734868108,0.0
0.9113523937960721,0.0
0.9131298658562761,0.0
0.89483628269676,0.0
0.8951564071631986,0.0
0.9671947984848327,0.0
0.964178640133024,0.0
0.9397943909774424,0.0
0.9450158519809643,0.0
0.9321712000248661,0.0
0.9303239614809885,0.0
0.9654758290944538,0.0
0.9640415647732401,0.0
0.9767599117607504,0.0
0.9756111397690654,0.0
0.9854600258810272,0.0
0.9836152486898054,0.0
0.987531368897056,0.0
0.9859455508599784,0.0
0.9682385956464541,0.0
0.9610514969824868,0.0
0.939955311573893,0.0
0.9394539979755423,0.0
0.9710610273390701,0.0
0.9728884552458502,0.0
0.9515729357383444,0.0
0.9514462513410592,0.0
0.9573798606121252,0.0
0.9572911025691497,0.0
0.9917753093614792,0.0
0.9940741175834925,0.0
1.0027483889543651,0.0
1.0052422818857347,0.0
1.024152239438351,0.0
1.0268954849809502,0.0
1.0275903735562626,0.0
1.0299707054028533,0.0
0.9419552957891625,0.0
0.9398718453782561,0.0
0.9387903854717088,0.0
0.9380749859949479,0.0
0.9495954276135152,0.0
0.947101508143914,0.0
0.9632428595201201,0.0
0.9605267186793673,0.0
0.9851096928188049,1.0
1.0178240156892038,0.0
1.0142407082730966,0.0
0.9980851864698861,0.0
0.9947506117554886,0.0
0.9560488253850911,0.0
0.9564179079072312,0.0
0.9547165392595686,0.0
0.9555570622779159,0.0
0.9164328225994017,0.0
0.9164896025654944,0.0
0.9489632407488717,0.0
0.976666213349806,0.0
0.9769710057350969,0.0
0.9845177012077938,0.0
1.0406264807524326,1.0
1.0402897043817192,1.0
1.0365271205243511,1.0
1.0363377922528718,1.0
0.9401823842469477,0.0
0.9412904676860501,0.0
0.923916210211207,0.0
0.9256195352679222,0.0
0.9278794713725813,0.0
0.9298055979440047,0.0
0.9122908669233606,0.0
0.912549810994961,0.0
0.9929955707285024,0.0
0.9900397401952643,0.0
0.9597086506550603,0.0
0.966848233977215,0.0
0.9954560330537474,0.0
0.9935115641665601,0.0
1.028984635029286,0.0
1.0274511312759926,0.0
1.0402039007555617,0.0
1.0389667893830439,0.0
1.0506795322216966,0.0
1.0487306892137593,0.0
1.051627058895637,0.0
1.0499395346128029,0.0
1.0251557565930318,0.0
1.0167676231686404,0.0
1.0031616186328962,0.0
1.0026124301683537,0.0
1.0288158003258265,0.0
1.0306544552548897,0.0
1.0079778782959827,0.0
1.0077870996032818,0.0
1.019766382137619,0.0
1.0196186654772132,0.0
1.0484546365946417,0.0
1.050805819326963,0.0
1.0596411369742489,0.0
1.0621865919401836,0.0
1.0801872440792109,0.0
1.0829735091024015,0.0
1.0824952564442931,0.0
1.0849057904157675,0.0
1.0065648262553537,0.0
1.0043790215628075,0.0
1.00118084988273,0.0
1.00038376813899,0.0
1.0155302667834507,0.0
1.0129497893164203,0.0
1.0294275870192764,0.0
1.0266048934913088,0.0
1.032525657664725,1.0
1.0867586218471357,0.0
1.0830285729552682,0.0
1.066078995671997,0.0
1.0626064787967138,0.0
1.0135828661418151,0.0
1.0138889418030226,0.0
1.0111174126681413,0.0
1.0119034031437493,0.0
0.9782308792392638,0.0
0.9782203248062528,0.0
1.0074860264560177,0.0
1.0369904662169551,0.0
1.0372480500086052,0.0
1.0424836703006661,0.0
1.110701770009279,1.0
1.1098097456084768,1.0
1.1053987903427094,1.0
1.1046836858084148,1.0
0.9965782475018139,0.0
0.9972104493370951,0.0
0.9772668252727285,0.0
0.9785173483734274,0.0
0.9802243689511972,0.0
0.9817128315305379,0.0
0.9649305183451955,0.0
0.9652427425963104,0.0
1.05261333235015,0.0
1.0491046897391414,0.0
1.0115703704170365,0.0
1.0173671968559297,0.0
0.9235346529756892,0.0
0.9218232010574687,0.0
0.9620601812112416,0.0
0.9607723602625484,0.0
0.9727256413983795,0.0
0.9717391021224734,0.0
0.9803551603078057,0.0
0.9786675679325173,0.0
0.9843876867381135,0.0
0.9829830693296066,0.0
0.9836314991509935,0.0
0.9796280064309324,0.0
0.93747661576379,0.0
0.9370523726619975,0.0
0.988056066005676,0.0
0.9902993289985711,0.0
0.9627168176727722,0.0
0.9624463130539365,0.0
0.9554376126164984,0.0
0.9555079154419029,0.0
1.009149959869734,0.0
1.0114742447433127,0.0
1.0201365622835212,0.0
1.022654044410487,0.0
1.0459601348025789,0.0
1.04875564604351,0.0
1.0506349069493885,0.0
1.0530638723186918,0.0
0.9284998862926883,0.0
0.9265457033179153,0.0
0.9382228789295036,0.0
0.9374723561318654,0.0
0.9354182315360489,0.0
0.9331791633174656,0.0
0.9510936384124491,0.0
0.9484839861330642,0.0
1.002278759793921,1.0
0.9988202225383805,0.0
0.9953884167199284,0.0
0.9796029049189263,0.0
0.9764161868874874,0.0
0.9644440834645528,0.0
0.9649654722454938,0.0
0.9671967751269436,0.0
0.9681954016018827,0.0
0.9157794852013204,0.0
0.9159896963699203,0.0
0.960318707087434,0.0
0.9801704116677673,0.0
0.9806286460896833,0.0
0.9939100793880469,0.0
1.0160029810318927,1.0
1.0153133484391477,1.0
1.0114694040045675,1.0
1.0109408546239067,1.0
0.9467825493888614,0.0
0.9476770437121991,0.0
0.9303378475432181,0.0
0.9318478272011814,0.0
0.9345331822247482,0.0
0.9362750616355702,0.0
0.9167003030490806,0.0
0.9164474106896452,0.0
0.9777053913045706,0.0
0.9744498532446592,0.0
0.9652821535514343,0.0
0.9719146576184576,0.0
0.9015631465713859,0.0
0.8998004232759872,0.0
0.9394041640838071,0.0
0.9380579203755258,0.0
0.9520238794360223,0.0
0.9509748616449675,0.0
0.9586920041222575,0.0
0.9569370873033912,0.0
0.9616325472102623,0.0
0.960159691235357,0.0
0.9545049531883809,0.0
0.9493821731349605,0.0
0.9178137304956347,0.0
0.9173583044710505,0.0
0.9623202572404362,0.0
0.9641876121047475,0.0
0.9360702823376292,0.0
0.9358873361706067,0.0
0.9341018727558171,0.0
0.9343579958303012,0.0
0.9815073977732285,0.0
0.9837080072272808,0.0
0.9928213943721862,0.0
0.9950909906583106,0.0
1.017228178706094,0.0
1.0198557208994026,0.0
1.0207938846631803,0.0
1.022953210231314,0.0
0.9068308940369151,0.0
0.9047919523179642,0.0
0.9130337132792649,0.0
0.9124978757366651,0.0
0.9151847150383842,0.0
0.9128981453164534,0.0
0.9296434078647762,0.0
0.9271764475474312,0.0
0.9675521868843432,1.0
0.9813240892437921,0.0
0.9777288381396246,0.0
0.9615689758998447,0.0
0.9582393944041205,0.0
0.9370042877494393,0.0
0.9375112629748217,0.0
0.9385386550951567,0.0
0.939449830209594,0.0
0.8934540709761444,0.0
0.8938927876677473,0.0
0.9350534742200606,0.0
0.9561676487786267,0.0
0.9565153217234734,0.0
0.9683045231123466,0.0
1.0029385054584616,1.0
1.0025678329768026,1.0
0.9987985112843663,1.0
0.998492087248093,1.0
0.9219949804002018,0.0
0.9230847470678686,0.0
0.9047426541630558,0.0
0.9064206097736842,0.0
0.9093989394171271,0.0
0.9112290101044683,0.0
0.8918819738175403,0.0
0.892649959690557,0.0
0.959724484965728,0.0
0.9566896244258459,0.0
0.9443784555604084,0.0
0.949914982650656,0.0
0.925215083195156,0.0
0.9233949287173842,0.0
0.9633542623916803,0.0
0.9620141295728986,0.0
0.9783871923456857,0.0
0.9773061845741872,0.0
0.9825354535694186,0.0
0.9807895684338068,0.0
0.9845010856653456,0.0
0.9829653182743456,0.0
0.9693533985111705,0.0
0.9661162207299704,0.0
0.9408132313110887,0.0
0.940317141676026,0.0
0.9800155383525584,0.0
0.9819042681202307,0.0
0.9535235463358345,0.0
0.9532283521726476,0.0
0.9563308739333934,0.0
0.9564656538426479,0.0
0.9986196201459226,0.0
1.0009178973620803,0.0
1.0099149466533195,0.0
1.012346257301009,0.0
1.0332451802534695,0.0
1.0358785250374267,0.0
1.0363112236410632,0.0
1.0386489609252958,0.0
0.9327901285126297,0.0
0.9305491120207685,0.0
0.9336498650298864,0.0
0.9330758767979418,0.0
0.940757919836255,0.0
0.938511707019391,0.0
0.9536788657536839,0.0
0.9511794357986274,0.0
0.9761254504445693,1.0
1.0081673513119,0.0
1.0044621165252026,0.0
0.9879197826059468,0.0
0.9844810589587863,0.0
0.9546918127688613,0.0
0.9551687783575381,0.0
0.9561565861444109,0.0
0.9570420500403632,0.0
0.9175530380089952,0.0
0.9179773435391292,0.0
0.9538954202898806,0.0
0.9764433786173011,0.0
0.976768886328162,0.0
0.9890362124471749,0.0
1.0312446514810438,1.0
1.0310384261423922,1.0
1.027343913273251,1.0
1.0272032164388225,1.0
0.9431656690519091,0.0
0.9444133031740822,0.0
0.9236699919694653,0.0
0.9255166046093155,0.0
0.9270283417995953,0.0
0.929014711826487,0.0
0.9120294182987052,0.0
0.912483494575545,0.0
0.9851036980613334,0.0
0.9821332779818387,0.0
0.9667701718392403,0.0
0.9742441592341189,0.0
0.9934298699471399,0.0
0.9915484964314625,0.0
1.0316393918887723,0.0
1.030219751430291,0.0
1.048048308304154,0.0
1.0468883389724015,0.0
1.051887702346425,0.0
1.0500511079822892,0.0
1.0515386005873333,0.0
1.0499218601415619,0.0
1.0336217918733104,0.0
1.0301794939401239,0.0
1.0107694673054965,0.0
1.0102242633035012,0.0
1.04308319622936,0.0
1.04499028521672,0.0
1.0133723948541808,0.0
1.013085223632644,0.0
1.0250228282523606,0.0
1.0250651746328288,0.0
1.0608276601079591,0.0
1.0631783140442528,0.0
1.0727784292688716,0.0
1.0752537414790795,0.0
1.095803032800291,0.0
1.0984246084318152,0.0
1.0967966256315078,0.0
1.0991157459665255,0.0
1.0031246284269217,0.0
1.000796426328501,0.0
1.0004823730300376,0.0
0.9998808742665899,0.0
1.0119540731926628,0.0
1.0096181831868825,0.0
1.0241681153855349,0.0
1.0216440122988624,0.0
1.0309594219232125,1.0
1.0808101198246935,0.0
1.0769613534269877,0.0
1.0594925572066876,0.0
1.0559115426269328,0.0
1.0159748740460972,0.0
1.0164181096819642,0.0
1.017169921898062,0.0
1.0180275493908915,0.0
0.9837787938036376,0.0
0.9842114496012643,0.0
1.0179770351849713,0.0
1.0421006854893446,0.0
1.0423836912240565,0.0
1.0569342188873747,0.0
1.1046798204390729,1.0
1.103891297440455,1.0
1.0995247217191484,1.0
1.0988063041664522,1.0
1.0049467741424167,0.0
1.0056804803100894,0.0
0.9826916258010382,0.0
0.9840701446689143,0.0
0.9842376405482236,0.0
0.9858583909429007,0.0
0.9703951212320154,0.0
0.9698639734483075,0.0
1.0477866470951898,0.0
1.0443332884485548,0.0
1.023184860962466,0.0
1.0322495128290625,0.0
0.9005450153264628,0.0
0.8988612034184063,0.0
0.9469262132430099,0.0
0.9457858859233639,0.0
0.9619778292414615,0.0
0.9610918406061505,0.0
0.9637519785244638,0.0
0.9622189834214095,0.0
0.9671698915241601,0.0
0.9658625598676782,0.0
0.969720639210831,0.0
0.9697382024052389,0.0
0.9219977151923751,0.0
0.9216522330213481,0.0
0.980982341467586,0.0
0.9829681317923694,0.0
0.948447576058412,0.0
0.9482468847868736,0.0
0.9435181099094494,0.0
0.94384272833245,0.0
1.0012945433159328,0.0
1.0036705245990272,0.0
1.01292417938836,0.0
1.0154325104708217,0.0
1.0416538464274214,0.0
1.0444734887117477,0.0
1.0451634763333972,0.0
1.0477035626605606,0.0
0.9056816605113231,0.0
0.9035852140396068,0.0
0.9182942243092345,0.0
0.9178761381756428,0.0
0.910783922697705,0.0
0.908716674959775,0.0
0.9299341914886363,0.0
0.9274631011654589,0.0
0.9636031783424384,1.0
0.9757029135777691,0.0
0.9721779412122051,0.0
0.9561777086448774,0.0
0.9529272965735476,0.0
0.9483532121097108,0.0
0.9490390485586108,0.0
0.9524336303356506,0.0
0.9535297783169864,0.0
0.9016895775178925,0.0
0.9022440939733725,0.0
0.9540226307448089,0.0
0.9676820162899039,0.0
0.9682060086952384,0.0
0.9878675512597253,0.0
0.9920161856151568,1.0
0.9915144806844184,1.0
0.9876264599505248,1.0
0.9871947642655337,1.0
0.9362688518372183,0.0
0.9373377884413002,0.0
0.9164177575799586,0.0
0.918115031359333,0.0
0.918211447516643,0.0
0.9201292940063002,0.0
0.9039591151447672,0.0
0.9110242838967725,0.0
0.9581200224966114,0.0
0.9550315985338961,0.0
0.9614728027802492,0.0
0.9683180936115957,0.0
0.8896509745018952,0.0
0.8876512474277375,0.0
0.8813657296508133,0.0
0.8798107216712614,0.0
0.9280689370055288,0.0
0.9269107883826337,0.0
0.9444953755436897,0.0
0.9436490119279349,0.0
0.9465710132288531,0.0
0.9449783610792747,0.0
0.9491978206326872,0.0
0.9473637517963287,0.0
0.9462932938951869,0.0
0.9455507079855415,0.0
0.9361433993353779,0.0
0.9361620752496498,0.0
0.8988937313468905,0.0
0.898348183631907,0.0
0.9248858706877553,0.0
0.9248256918480414,0.0
0.9593097727188363,0.0
0.9615907578893675,0.0
0.9797453336194957,0.0
0.9820949362065163,0.0
0.9901588023557752,0.0
0.9926429717592737,0.0
1.0192450771886472,0.0
1.0221043696256351,0.0
0.8941247247803886,0.0
0.8917063009609958,0.0
0.9042669437807315,0.0
0.904047092849736,0.0
0.9120589704246836,0.0
0.9094241733749122,0.0
1.021460109194154,0.0
1.0243087681613945,0.0
0.9402126500656682,0.0
0.9837550578951625,1.0
0.9832578111762813,1.0
0.9792944868639175,1.0
0.9787433005379521,1.0
0.9589179856345429,0.0
0.9552540760629943,0.0
0.9388357772995817,0.0
0.9354490552393515,0.0
0.9213212398733666,0.0
0.9221965946811337,0.0
0.9236085997319324,0.0
0.9249236262798854,0.0
0.8811767614378863,0.0
0.8815937459882526,0.0
0.9308761902199326,0.0
0.9455448183938729,0.0
0.9461028527801606,0.0
0.9036190975406813,1.0
0.9498469005225981,0.0
0.9158335386023594,0.0
0.9170590822045187,0.0
0.8938415365225405,0.0
0.8957049475391939,0.0
0.8961190141193504,0.0
0.8981762009395122,0.0
0.8842722911582481,0.0
0.8914810184674818,0.0
0.940123810402781,0.0
0.9371251592948849,0.0
0.9720245438989162,0.0
0.9097394069344554,0.0
0.9079536882358092,0.0
0.9558581846255667,0.0
0.9545899637417784,0.0
0.9758981222096378,0.0
0.9748812162417477,0.0
0.9752529670255965,0.0
0.9735635689200335,0.0
0.9765166581511147,0.0
0.975056513548092,0.0
0.9688173995091793,0.0
0.9679129860792223,0.0
0.9376691289424404,0.0
0.9372327939361943,0.0
0.98405177123468,0.0
0.9861147085417985,0.0
0.9458939446160588,0.0
0.9456863633967441,0.0
0.9692969912681791,0.0
0.969424013936711,0.0
1.0033552473908678,0.0
1.0058332720342131,0.0
1.014178217482475,0.0
1.0167984216392614,0.0
1.042579245346394,0.0
1.0454478688293398,0.0
1.0422477682244642,0.0
1.0448339907605635,0.0
0.9174391092968486,0.0
0.9152279265413469,0.0
0.9248462054956477,0.0
0.9243658809081576,0.0
0.9236784813341737,0.0
0.9214631617479302,0.0
0.9415777351042979,0.0
0.9390238970524556,0.0
0.9235716214442579,1.0
0.9931690533451734,0.0
0.9894318206722608,0.0
0.9739657945790668,0.0
0.9704957401373336,0.0
0.9482007009452409,0.0
0.9488440410850814,0.0
0.9479441403616641,0.0
0.9490413460252233,0.0
0.9100469331099367,0.0
0.9105753955326275,0.0
0.9565724107370395,0.0
0.9727358466589454,0.0
0.9732290519158312,0.0
0.995124339991511,0.0
1.017470934223777,1.0
1.0173068147816804,1.0
1.0135531135837035,1.0
1.0134760758288122,1.0
0.9419505399845722,0.0
0.943366481258594,0.0
0.9185739154378261,0.0
0.920633513327003,0.0
0.9211606868855701,0.0
0.9234170054474071,0.0
0.9099273735549332,0.0
0.9155468624609525,0.0
0.9724526108613333,0.0
0.9695086923384192,0.0
0.972041105134,0.0
0.9818115334317199,0.0
0.9873103955923078,0.0
0.9854677849986048,0.0
1.0325779983810826,0.0
1.0312398536623968,0.0
1.0575243275525161,0.0
1.0564269886200433,0.0
1.0532616091531941,0.0
1.0514941870608334,0.0
1.0520358110819756,0.0
1.050503970082745,0.0
1.0383874321538702,0.0
1.0389161673480438,0.0
1.0148957844334676,0.0
1.014418221481414,0.0
1.0578903978964977,0.0
1.0599935214269378,0.0
1.0180870910051654,0.0
1.0178716443385891,0.0
1.047856622035096,0.0
1.0479008008836255,0.0
1.0758651547610523,0.0
1.0784152667477394,0.0
1.0872114623405469,0.0
1.089901131498795,0.0
1.1148850505508214,0.0
1.117771433601933,0.0
1.1130944945635741,0.0
1.1156981305517424,0.0
0.9960132326105103,0.0
0.9937097285631225,0.0
1.0013591084875428,0.0
1.0008471122600495,0.0
1.0025040866609,0.0
1.0002215570169486,0.0
1.0203296206694745,0.0
1.0177372658663772,0.0
0.9944093660324231,1.0
1.0739466120450105,0.0
1.07005705335311,0.0
1.055663021083424,0.0
1.0520323017752415,0.0
1.0197539498580517,0.0
1.0203748785992084,0.0
1.0209023113715687,0.0
1.0219840039485608,0.0
0.9858971190808677,0.0
0.9864394712108282,0.0
1.0299529621354473,0.0
1.0474087410997086,0.0
1.0478897258782092,0.0
1.0691379561706842,0.0
1.1001388280983337,1.0
1.0992779930371062,1.0
1.094726209181964,1.0
1.093956486462981,1.0
1.011760902425217,0.0
1.0125785206553275,0.0
0.9857294645855983,0.0
0.987238161371276,0.0
0.9876916930084677,0.0
0.9894748936530089,0.0
0.9757091282523725,0.0
0.9796143306081693,0.0
1.0408789224342208,0.0
1.037343145746793,0.0
1.0392938374914846,0.0
1.048301768161577,0.0
0.8532228022105296,0.0
0.8516381202625699,0.0
0.9130389805920957,0.0
0.9120102931127326,0.0
0.9329074593884834,0.0
0.9321246598412386,0.0
0.9311654456244167,0.0
0.9297261009008648,0.0
0.9349373794005011,0.0
0.9337370102871613,0.0
0.9442380672357937,0.0
0.9492071740406002,0.0
0.8814006635802357,0.0
0.8811989341003814,0.0
0.951862309663852,0.0
0.9541207544679912,0.0
0.9202151280485409,0.0
0.9201565508682806,0.0
0.9116271504782343,0.0
0.9120035946762391,0.0
0.9750998967465776,0.0
0.9777608032450584,0.0
0.9867915250432623,0.0
0.9895989092946418,0.0
1.0211589118856406,0.0
1.0243273068803218,0.0
1.025020157606282,0.0
1.0279066321020143,0.0
0.8584427325891203,0.0
0.8564238205202284,0.0
0.8749650873134458,0.0
0.8747090826711229,0.0
0.8640696379579774,0.0
0.8620823674997902,0.0
0.8906257679464282,0.0
0.8881219461664506,0.0
0.9118332115213851,1.0
0.933914294865778,0.0
0.9303920760602046,0.0
0.9124543703013377,0.0
0.9092108130469413,0.0
0.9233649222544492,0.0
0.9242661091502206,0.0
0.9259270492197819,0.0
0.9272992941274453,0.0
0.8677612335372166,0.0
0.8684910096074863,0.0
0.935532306162117,0.0
0.9409697090011774,0.0
0.941740044781622,0.0
0.9698268893883408,0.0
0.9511177131577471,1.0
0.9505172381664064,1.0
0.9464070692030992,1.0
0.9460117368325848,1.0
0.9111776213174149,0.0
0.9124743942409939,0.0
0.8865868010813779,0.0
0.888563128008091,0.0
0.8869213781935608,0.0
0.8891780898863619,0.0
0.8770191165991125,0.0
0.8877842154518701,0.0
0.9257543094695254,0.0
0.9225917964971764,0.0
0.9443366391637589,0.0
0.9528481400310496,0.0
0.8473445893354177,0.0
0.8454147619117008,0.0
0.8393951011391344,0.0
0.8378746667218864,0.0
0.9001111776902329,0.0
0.8990281935768487,0.0
0.9228359092407176,0.0
0.9219940604133332,0.0
0.9199146861565233,0.0
0.9184013065508247,0.0
0.9227763850475361,0.0
0.921001427976595,0.0
0.9268162081155731,0.0
0.9281166979974078,0.0
0.9029172279772838,0.0
0.9031512031003954,0.0
0.8627621014095328,0.0
0.8627523891170541,0.0
0.9038491032025224,0.0
0.9039024418776966,0.0
0.9367688834123429,0.0
0.939465265202673,0.0
0.9605511839670946,0.0
0.9633978564979908,0.0
0.9725959371844815,0.0
0.9755829867193304,0.0
1.0071552959679182,0.0
1.010455873534197,0.0
0.8535956269765327,0.0
0.8513655308267157,0.0
0.8683496524098241,0.0
0.868228950306587,0.0
0.8804077898131445,0.0
0.877472820414646,0.0
1.0116480217606898,0.0
1.0146922988747267,0.0
0.929321536780027,0.0
0.9454337813570282,1.0
0.9451973618660777,1.0
0.9411921081426026,1.0
0.940839457716192,1.0
0.9245336738755352,0.0
0.9208121799425703,0.0
0.9018324177503041,0.0
0.8984896959716115,0.0
0.9068618217715849,0.0
0.9077442728407021,0.0
0.9090634616817906,0.0
0.9106648411513386,0.0
0.8529925969052875,0.0
0.853606824260504,0.0
0.9195445495539799,0.0
0.9257235205597069,0.0
0.9265174458620064,0.0
0.8945871592692243,1.0
0.9405035056408986,0.0
0.8975101043322936,0.0
0.8990056545799554,0.0
0.8726525305336865,0.0
0.8748382137321938,0.0
0.8732575767253694,0.0
0.8757004794232828,0.0
0.8634207490927986,0.0
0.8726330195522188,0.0
0.9158989357050984,0.0
0.9128980200175439,0.0
0.9592761793034882,0.0
0.8777365000615063,0.0
0.876092043573206,0.0
0.9389213990657994,0.0
0.9377778930757998,0.0
0.9648194085276743,0.0
0.9639167254806801,0.0
0.9593084393395718,0.0
0.9577206382038801,0.0
0.9607882428612632,0.0
0.9594424839493301,0.0
0.961344199055977,0.0
0.9656415010488508,0.0
0.9078850018733137,0.0
0.907629272466421,0.0
0.9724083620841578,0.0
0.9748065611531908,0.0
0.9399444499899018,0.0
0.9398776803900917,0.0
0.9409417047344757,0.0
0.9411049140425132,0.0
0.9939976906531657,0.0
0.9968460989707156,0.0
1.0071430623585285,0.0
1.0101469810469874,0.0
1.0418731518978144,0.0
1.0451858307114485,0.0
1.04428199211091,0.0
1.047279171984093,0.0
0.8860248308316229,0.0
0.8838509132512105,0.0
0.8990451614859091,0.0
0.8987335661912099,0.0
0.8921396551437484,0.0
0.8899910328260431,0.0
0.9197821517979575,0.0
0.917158858315092,0.0
0.9281220452211463,1.0
0.9697882118982003,0.0
0.9659834558376695,0.0
0.9470508739595597,0.0
0.9435286970878423,0.0
0.9427770554037586,0.0
0.9436753682670592,0.0
0.9455014449823937,0.0
0.9469050026479275,0.0
0.8913441660451713,0.0
0.8920794994646459,0.0
0.9558776783183405,0.0
0.9632905423329121,0.0
0.9640797255679588,0.0
0.9965016077704509,0.0
0.9901537994036838,1.0
0.9863315015985425,1.0
0.9345418395722187,0.0
0.9362882707908181,0.0
0.9087800071914593,0.0
0.9112170878742772,0.0
0.9096109600646954,0.0
0.9123437789993531,0.0
0.8999760912024931,0.0
0.9098187061292126,0.0
0.9600415058509646,0.0
0.9569138901834328,0.0
0.9761101553182935,0.0
0.9866723496424475,0.0
0.9793837839451499,0.0
0.9772540806383202,0.0
0.9701192771342868,0.0
0.9684303516034152,0.0
1.0324209541396572,0.0
1.0312222731448475,0.0
1.0598950831535618,0.0
1.0589374673512304,0.0
1.0543824054386295,0.0
1.052724698202815,0.0
1.0539324135218777,0.0
1.052527299653493,0.0
1.0533408526698058,0.0
1.0541124092654484,0.0
1.0358482826374977,0.0
1.0359986242275325,0.0
0.9920062396241727,0.0
0.9914946916734825,0.0
1.028029766388755,0.0
1.027979110027357,0.0
1.0633344431620475,0.0
1.065773220137065,0.0
1.0850614105590406,0.0
1.0880302945904834,0.0
1.098553325251978,0.0
1.1016791991447603,0.0
1.1339178195693758,0.0
1.1372990342423432,0.0
0.9868547532723688,0.0
0.984423782540041,0.0
0.99865744801229,0.0
0.9983161542601423,0.0
1.014505938080968,0.0
1.0115949978546601,0.0
1.1365062260863408,0.0
1.1398243912343173,0.0
1.0601136182923145,0.0
1.0910667669958947,0.0
1.0870549065784059,0.0
1.0674966145283191,0.0
1.0635023062224411,0.0
1.0443705852451328,0.0
1.0406593964109263,0.0
1.0334464068799032,0.0
1.0343448901811343,0.0
1.03730133997419,0.0
1.038712246664367,0.0
0.983185717910459,0.0
0.9839568122296233,0.0
1.0468480282188792,0.0
1.055050828896156,0.0
1.0558674736027756,0.0
1.0183269645348072,1.0
1.070686055225824,0.0
1.0226833794225565,0.0
1.0235608293420102,0.0
0.9940256592579076,0.0
0.9957470626868365,0.0
0.9928748288137734,0.0
0.9948909467576382,0.0
0.9835243367391451,0.0
0.9896447578609027,0.0
1.045247626652064,0.0
1.0414246741958266,0.0
1.0855591557776487,0.0
0.9038651217336411,0.0
0.90180804363623,0.0
0.8973797054146145,0.0
0.8955086127058245,0.0
0.9686180864942138,0.0
0.967033465203522,0.0
0.9853479624218587,0.0
0.984248928779952,0.0
0.9868495725346741,0.0
0.9849435895558488,0.0
0.9911908242265709,0.0
0.9896800194184198,0.0
1.0027495201649743,0.0
1.0100670459866528,0.0
0.9533990823057056,0.0
0.9533444223360765,0.0
0.9180904176370343,0.0
0.9174064142105145,0.0
0.9786366915798244,0.0
0.9782116754665174,0.0
1.0026270584102697,0.0
1.004957297099338,0.0
1.0272454061593808,0.0
1.0298244200508013,0.0
1.0408042369133805,0.0
1.0436971078299855,0.0
1.0791030311944327,0.0
1.0822875888349381,0.0
0.9034773713849659,0.0
0.900993692418,0.0
0.9147689812682149,0.0
0.9145462872944642,0.0
0.9372675385972377,0.0
0.9339354736799437,0.0
1.087631428486525,0.0
1.0906213188257183,0.0
1.0021578247816374,0.0
0.9980648630234753,0.0
0.9937967294667305,0.0
0.9812910942060734,0.0
0.9773860854066307,0.0
0.9554318336398437,0.0
0.9517862971007686,0.0
0.9809706480198399,0.0
0.9816966075124741,0.0
0.9818399307288259,0.0
0.9831490629551232,0.0
0.9108613403168315,0.0
0.9112500546073642,0.0
0.9876762417838669,0.0
0.9875217064883268,0.0
0.9880658105099739,0.0
0.9705135646266844,1.0
1.008629179207447,0.0
0.9596705850320125,0.0
0.9605654883526719,0.0
0.9319900228373549,0.0
0.9336050153025596,0.0
0.9251452562408309,0.0
0.9273266380494967,0.0
0.9196398497025826,0.0
0.9288207114797762,0.0
0.971612958201459,0.0
0.9679741555456113,0.0
1.02399497513859,0.0
0.8770939091606663,0.0
0.8749364356786413,0.0
0.8691077548923847,0.0
0.8671757408091275,0.0
0.9399314085225783,0.0
0.9381752761462133,0.0
0.9584394687330955,0.0
0.9570595029432253,0.0
0.9581554380001989,0.0
0.9560466782084642,0.0
0.9601745425388435,0.0
0.9584164840394673,0.0
0.9670802231794594,0.0
0.973885876821095,0.0
0.9204494134929975,0.0
0.9210385136720841,0.0
0.8893536372700612,0.0
0.888611174998763,0.0
0.9470457054552818,0.0
0.946683493857818,0.0
0.9696092860229293,0.0
0.9719816799610798,0.0
0.9937937364619226,0.0
0.9968929633294032,0.0
1.0082648131940137,0.0
1.0112533733081,0.0
1.046611238242433,0.0
1.0500792447662515,0.0
0.879180813717442,0.0
0.8767480841003858,0.0
0.8874559335239747,0.0
0.8872354432896534,0.0
1.0549685715422767,0.0
1.0578854078209414,0.0
0.9111404874081916,0.0
0.9079640263887875,0.0
0.9741556886874753,0.0
0.9388881938271795,1.0
0.97580757977805,0.0
0.9711053648191407,0.0
0.9571593647515477,0.0
0.9531458025549632,0.0
0.9319142545841577,0.0
0.9281788460401753,0.0
0.9499733496264964,0.0
0.9507976360698116,0.0
0.8847397231309936,0.0
0.8851349571521017,0.0
0.958014362778578,0.0
0.9585358754692134,0.0
0.9589294144631492,0.0
0.9475218288519354,0.0
0.9488347598360888,0.0
0.9823776374062069,0.0
0.9294529841261564,0.0
0.9308524835407772,0.0
0.9014352330190012,0.0
0.9032604322529788,0.0
0.8967197910149113,0.0
0.8990991756618444,0.0
0.8896427798977504,0.0
0.9007292416926319,0.0
0.946250896392828,0.0
0.9427527559201365,0.0
0.9964717437343454,0.0
0.9955741207107933,0.0
0.8958665825603612,0.0
0.8939631044407952,0.0
0.9662555415291231,0.0
0.9644679360405419,0.0
0.9859199088926108,0.0
0.9846231056205791,0.0
0.9854666435293697,0.0
0.9831506182362754,0.0
0.986341072999322,0.0
0.9842915157475433,0.0
0.9905049742178575,0.0
0.9160304568336879,0.0
0.915967620174794,0.0
0.9030904005616942,0.0
0.9011595079352763,0.0
0.971538766862583,0.0
0.9717254669917408,0.0
0.9493900913287187,0.0
0.9493207526218002,0.0
0.9937569409248186,0.0
0.9960757355166867,0.0
1.0169847490420505,0.0
1.019440246247253,0.0
1.0302736229729301,0.0
1.0330824377626928,0.0
1.068015497957262,0.0
1.0712628409864342,0.0
1.0745457093873503,0.0
1.0776126701313837,0.0
0.909224060729606,0.0
0.9086381136332803,0.0
0.9059295891555457,0.0
0.9032863489348611,0.0
1.0267678255018586,0.0
0.9591793522625427,1.0
1.0072449964176986,0.0
1.0024205993619872,0.0
0.9869613308031837,0.0
0.9828376367903718,0.0
0.9616169167499906,0.0
0.9580374607032711,0.0
0.9708620880508252,0.0
0.971885920787535,0.0
0.9709636599621864,0.0
0.9723799645325083,0.0
0.9082270645293231,0.0
0.9085942956808348,0.0
0.9805716371348444,0.0
0.9817599615265653,0.0
0.9820645877281737,0.0
0.9340988887268052,0.0
0.9308759382132518,0.0
1.0057416529547079,0.0
0.9531745724139176,0.0
0.9545094481381615,0.0
0.9245175593352218,0.0
0.926575660775247,0.0
0.9201902588834376,0.0
0.9225362210408488,0.0
0.9123371040072591,0.0
0.9231547619235038,0.0
0.9743493991036006,0.0
0.9710062880947389,0.0
0.9983014826181488,0.0
0.9862441782518435,0.0
0.9839331230930762,0.0
0.9754830377900273,0.0
0.9735047372011333,0.0
1.046552198321809,0.0
1.0448446560999949,0.0
1.0687383071337848,0.0
1.066147454840707,0.0
1.0657153974881228,0.0
1.0635668781682603,0.0
1.0660492969243094,0.0
1.0692650898609384,0.0
0.9959940957848643,0.0
0.9958427924228385,0.0
1.0691665646203328,0.0
1.0719428365808477,0.0
1.043364274352742,0.0
1.0435387489312578,0.0
1.0287333247149157,0.0
1.028632441670635,0.0
0.9912865624894087,0.0
0.9884130942760158,0.0
1.0918257473951103,0.0
1.0944128958259347,0.0
1.1055738021022288,0.0
1.1089602856405931,0.0
1.1442722292982006,0.0
1.1477219233216291,0.0
1.1494072277291407,0.0
1.1526375902199264,0.0
0.9889131550798606,0.0
0.9884038411053641,0.0
1.0207968973525525,0.0
1.0174519405899256,0.0
1.0620544730432242,0.0
1.0605418095151067,0.0
1.0779905395100375,0.0
1.033587111292306,0.0
1.071501573341497,0.0
1.066922817384131,0.0
1.046126576416219,0.0
1.0422832623141354,0.0
1.0485936101901516,0.0
1.0493543427467977,0.0
1.047374723657009,0.0
1.0487773029398413,0.0
0.9881828285674834,0.0
0.9885010499083982,0.0
1.0585730746213198,0.0
1.0602165048223646,0.0
1.060522477307101,0.0
1.088709773510719,0.0
1.083746494840908,0.0
1.0847885072946308,0.0
1.0301660935694201,0.0
1.031578510072165,0.0
0.9997288545784642,0.0
1.0011583623836164,0.0
0.9932620255049767,0.0
0.9949992592347887,0.0
0.9867151858666787,0.0
0.994252303795786,0.0
1.0491408845087178,0.0
1.0450740635142517,0.0
1.099529153875542,0.0
0.8940060420070438,0.0
0.8918019385443201,0.0
0.8861882079106221,0.0
0.8843522218647978,0.0
0.9613860118233839,0.0
0.9597043826505725,0.0
0.9812726345335037,0.0
0.9787701109542045,0.0
0.9828640110563416,0.0
0.9808785775180016,0.0
1.00043970474317,0.0
1.0105067471145799,0.0
0.9052205862921919,0.0
0.9051844147251045,0.0
1.0001615687815855,0.0
1.002990550242137,0.0
0.9815025846449926,0.0
0.9817185035493486,0.0
0.9370725455645716,0.0
0.937036620766183,0.0
1.025772939817149,0.0
1.0282545900226274,0.0
1.0404486041792,0.0
1.0432563612583785,0.0
1.081580822753597,0.0
1.0854552960242099,0.0
1.0920431957069687,0.0
1.0951800109705587,0.0
0.8942052357915865,0.0
0.891696373777241,0.0
0.9029495917882389,0.0
0.9024514313166949,0.0
0.928108814086454,0.0
0.9248118681977551,0.0
0.9680901035574899,0.0
0.9667816941707169,0.0
1.0215239443309811,0.0
0.9777944157655744,0.0
0.9733759822054814,0.0
0.9496970408034473,0.0
0.9460163243192321,0.0
0.9877375032766669,0.0
0.9886992672338444,0.0
0.9889402368255906,0.0
0.9905947000640661,0.0
0.9159761082768627,0.0
0.9165066826145666,0.0
0.9996588424805508,0.0
0.9906602687086699,0.0
0.9910392182575013,0.0
1.048576657064955,0.0
0.9858896857700735,0.0
0.981176155155482,0.0
0.9666761206425499,0.0
0.9679166677374833,0.0
1.026810361772218,0.0
0.9662802167119589,0.0
0.962182517760918,0.0
0.9323048723571817,0.0
0.9717273775605546,0.0
0.9228321572140203,0.0
0.925089127447544,0.0
0.9319627680553445,0.0
0.9339521376005456,0.0
0.9165316051409946,0.0
1.0607527256198026,0.0
1.0638550756430838,0.0
0.8649978326953555,0.0
0.8627578056143126,0.0
0.854706718060662,0.0
0.8526372313416644,0.0
0.929360240702916,0.0
0.9275246936961341,0.0
0.9446430106753783,0.0
0.9432624794297391,0.0
0.9481293054889934,0.0
0.9459294658526526,0.0
0.9486479178784539,0.0
0.9468254818027984,0.0
0.9677026072831281,0.0
0.8730816982793433,0.0
0.8730694779276812,0.0
0.8771915770917464,0.0
0.8770320572563245,0.0
0.9469183718803473,0.0
0.9464396806201191,0.0
0.964770815288992,0.0
0.9671355111349476,0.0
0.9897012120265551,0.0
0.9929483652584974,0.0
1.0053704828766143,0.0
1.0082396786192087,0.0
1.0472767797976208,0.0
1.0506841907926694,0.0
0.865971981212824,0.0
0.8634262119357312,0.0
0.9678447709995562,0.0
0.900910908346119,0.0
0.9010971688057919,0.0
0.8989798813874598,0.0
0.8957292400131809,0.0
0.9913723285568645,0.0
0.9442078890744527,0.0
0.9662894629295655,0.0
0.9617143437377553,0.0
0.9505723329934244,0.0
0.9463965260035851,0.0
0.9229386291762744,0.0
0.9191519529698126,0.0
0.9517657243228435,0.0
0.9526300527615766,0.0
0.8845676926973918,0.0
0.8849748257499291,0.0
0.9671303922646066,0.0
0.958424967426317,0.0
0.9588212449824559,0.0
0.952638341221258,0.0
0.9539960188710133,0.0
1.0003715239548892,0.0
0.9349932777847988,0.0
0.9364504604761408,0.0
0.9016228718025054,0.0
0.9034967621693971,0.0
0.8943591391432453,0.0
0.8968310320289519,0.0
0.8871947571707809,0.0
0.900726788517535,0.0
0.9381755217923259,0.0
0.9345519739665682,0.0
1.0156408429702921,0.0
0.9981777312301401,0.0
0.8953158767634233,0.0
0.8929963145003756,0.0
0.8822768283283408,0.0
0.8800345271097002,0.0
0.9564626997910225,0.0
0.9545153017985865,0.0
0.9772031991283798,0.0
0.9748370412256001,0.0
0.9767675364063122,0.0
0.9745994245537256,0.0
0.9866635756379363,0.0
0.8994771101094731,0.0
0.8993613430202498,0.0
0.8969638433209645,0.0
0.8944736586832699,0.0
0.9691097453771835,0.0
0.9692801262556789,0.0
0.9363566056736324,0.0
0.9369558485361869,0.0
0.9909901926043679,0.0
0.9933712872232954,0.0
1.014160857821854,0.0
1.0167108624396675,0.0
1.029558702883823,0.0
1.032863531560725,0.0
1.071453365058131,0.0
1.0751022441229776,0.0
1.0792963778613982,0.0
1.0824977518388743,0.0
0.9001543527564906,0.0
0.8995487460286946,0.0
0.9276508304144719,0.0
0.9243040808174867,0.0
0.9687664253797671,0.0
0.9673472392824206,0.0
1.018458385537743,0.0
0.9983082736497333,0.0
0.9933067748550338,0.0
0.9807294512159844,0.0
0.9764394632759315,0.0
0.9531037325004478,0.0
0.9490602788475782,0.0
0.971361793235017,0.0
0.9724450576508304,0.0
0.974962498542038,0.0
0.9764517242398071,0.0
0.9111567333118348,0.0
0.9115343612431849,0.0
0.9910651649842658,0.0
0.9825885957878305,0.0
0.9829157885710451,0.0
0.9607515293348792,0.0
1.0285816523291482,0.0
0.959412607112477,0.0
0.9607757631404208,0.0
0.9246269198047441,0.0
0.92674489902129,0.0
0.9180827914582544,0.0
0.9205015765310769,0.0
0.9099185936825616,0.0
0.919990089673523,0.0
0.9659885219278364,0.0
0.962497904216638,0.0
1.046740197558981,0.0
0.9643989945625882,0.0
0.9623601009126512,0.0
1.039441073026404,0.0
1.0374762053086228,0.0
1.0616197585201113,0.0
1.0592501999915511,0.0
1.0590609669683595,0.0
1.05688309357455,0.0
1.065451112981902,0.0
1.0746341735588802,0.0
0.9818159170255221,0.0
0.9812479213705669,0.0
1.0187516532634215,0.0
1.0190565567481347,0.0
1.0473701280807939,0.0
1.0473531238565583,0.0
0.9746811259347986,0.0
0.9725966339307961,0.0
1.0693767635111089,0.0
1.0724552088803958,0.0
1.0928153903999689,0.0
1.0953712816545162,0.0
1.108518189495692,0.0
1.111455307346448,0.0
1.149596186218396,0.0
1.153144509914643,0.0
1.1560324095295955,0.0
1.1593007951247405,0.0
0.9806148610928,0.0
0.9800855819071497,0.0
0.9759417169337143,0.0
0.9731304102366808,0.0
1.0519520957759103,0.0
1.0504507432386154,0.0
1.0095101218596587,0.0
1.0060600233301087,0.0
1.0432772087519016,0.0
1.0850702852066023,0.0
1.0798827842294212,0.0
1.0659621226110607,0.0
1.0615294311540366,0.0
1.0378194648052739,0.0
1.0339595406093351,0.0
1.0541918068444325,0.0
1.0552676707364654,0.0
0.9936273115607414,0.0
0.9940882412765437,0.0
1.0722880733856848,0.0
1.063704156767405,0.0
1.064011522119243,0.0
1.0530599312945126,0.0
1.0543552238595955,0.0
1.1107585506505724,0.0
1.1241679457585623,0.0
1.0473524361350854,0.0
1.0436333385309318,0.0
0.9960165133354348,0.0
0.9868277283864463,0.0
1.0958137987278527,0.0
0.9992116472654626,0.0
1.0009584762047905,0.0
1.0357952369441252,0.0
1.036774556128714,0.0
0.9913423278626432,0.0
0.9935292100018391,0.0
0.9371854879403985,0.0
0.7843566328692984,0.0
0.7823364194346845,0.0
0.7793476762821762,0.0
0.7773293655480022,0.0
0.8812666917796238,0.0
0.8799180059446862,0.0
0.8838337518472755,0.0
0.8826605706428473,0.0
0.8961159485131825,0.0
0.8938294263946194,0.0
0.9063748184009783,0.0
0.9047159521380544,0.0
0.9470703602943481,0.0
0.7932664595419104,0.0
0.7911573264072974,0.0
0.8008828988939958,0.0
0.8009933761313975,0.0
0.9214454335675939,0.0
0.9211737712725931,0.0
0.8135564542601771,0.0
0.8138582117711086,0.0
0.9053175453524849,0.0
0.9081548917695236,0.0
0.9363228740682801,0.0
0.9395075283737819,0.0
0.9524945655363827,0.0
0.9561480720917125,0.0
1.000247945705263,0.0
1.0041442447527786,0.0
0.7801332028036784,0.0
0.7800855617177362,0.0
1.0247292093372826,0.0
1.028307317095572,0.0
0.8472933003171429,0.0
0.844170952816534,0.0
0.9602182615513859,0.0
0.8913310206243992,0.0
0.8869178496480954,0.0
0.8911355436305721,0.0
0.8870693283894443,0.0
0.8540077147811487,0.0
0.8503710464067966,0.0
0.9310213844658928,0.0
0.9322331918727326,0.0
0.9355691722546314,0.0
0.9376566974115172,0.0
0.8399543198836209,0.0
0.840788936575044,0.0
0.9521894086287469,0.0
0.9276119935504938,0.0
0.9283162340841081,0.0
0.9388873223517693,0.0
0.9756398916695771,0.0
0.907672977507331,0.0
0.909064997985461,0.0
0.8684640595848827,0.0
0.8712529888862378,0.0
0.8510108139394513,0.0
0.8534269084624972,0.0
0.8524944408547933,0.0
0.8626597199672267,0.0
0.9065997058005152,0.0
0.9026883083051097,0.0
0.9963084677140743,0.0
0.766019643514547,0.0
0.7638107825949685,0.0
0.7602710453737122,0.0
0.7584233077176317,0.0
0.8657213547359095,0.0
0.8643166625025894,0.0
0.8659771724981472,0.0
0.8644926624553173,0.0
0.8815573793814538,0.0
0.8790895532147971,0.0
0.8902630121393641,0.0
0.8883570466387188,0.0
0.9138947756301966,0.0
0.9327946387750098,0.0
0.792855884030996,0.0
0.7935709934453679,0.0
0.7798097072335628,0.0
0.7797216860481887,0.0
0.9000375295407129,0.0
0.9005119294656062,0.0
0.8841474575603404,0.0
0.8869805236984306,0.0
0.9153880951068308,0.0
0.9185717374041061,0.0
0.9321443478048418,0.0
0.935579746994033,0.0
0.9811526998178438,0.0
0.9854260039862403,0.0
0.7754078599195476,0.0
0.772893814423953,0.0
0.7595943817077665,0.0
0.7596616469281189,0.0
1.0078299172505283,0.0
1.0114331410231572,0.0
0.8329603749154701,0.0
0.8296843729844333,0.0
0.9476669341928797,0.0
0.9194249957080234,0.0
0.8812277378220751,0.0
0.8766284617501425,0.0
0.8800197208473102,0.0
0.8757814138461185,0.0
0.8423924643445246,0.0
0.8385968232209852,0.0
0.9147644176274607,0.0
0.9160285708566613,0.0
0.8256746761684957,0.0
0.8264113103066446,0.0
0.9375812813066672,0.0
0.9121601097950399,0.0
0.9129133659770318,0.0
0.9178766987734214,0.0
0.9196688631691002,0.0
0.9614049618917389,0.0
0.8919816513583837,0.0
0.8939295812217468,0.0
0.8500438590259689,0.0
0.8524039174948561,0.0
0.8333213519863238,0.0
0.8360115152852722,0.0
0.832470049695879,0.0
0.8439173939064711,0.0
0.893342028921993,0.0
0.8895923248400646,0.0
0.9885891696847581,0.0
0.9561127731856239,0.0
0.8111361000504438,0.0
0.8088691312292076,0.0
0.8025485795094639,0.0
0.8003580891342366,0.0
0.9113292332605749,0.0
0.9094661479992585,0.0
0.9136127138191671,0.0
0.9123267734204715,0.0
0.9297677453154948,0.0
0.9273116649116272,0.0
0.9351760629953353,0.0
0.9332734758451645,0.0
0.9766471991360679,0.0
0.8207157128749245,0.0
0.818246302058315,0.0
0.8220523473199975,0.0
0.8221081724202044,0.0
0.9450555314702801,0.0
0.9455785397127823,0.0
0.8375137197464756,0.0
0.8378503652583896,0.0
0.9286539063030148,0.0
0.9317725901730994,0.0
0.9601612133264571,0.0
0.9636700839743052,0.0
0.9773655411025074,0.0
0.9813694946155384,0.0
1.0300322357246459,0.0
1.0344093123759481,0.0
0.8014398632468022,0.0
0.8015248108543502,0.0
0.8824646734997941,0.0
0.8789384603702749,0.0
1.05568400900668,0.0
1.0595689293846593,0.0
1.0003075334620866,0.0
0.9357722080027165,0.0
0.9306135097834906,0.0
0.9339141315743829,0.0
0.9294989645118436,0.0
0.8949192580389476,0.0
0.8909557417993971,0.0
0.9638874316592586,0.0
0.9654935116471158,0.0
0.9683097121870442,0.0
0.9703147798081846,0.0
0.8715672965705437,0.0
0.872331684668462,0.0
0.9869469632017236,0.0
0.9604075495767971,0.0
0.9611311676573142,0.0
0.9685887677976687,0.0
1.0129809687262132,0.0
0.939420876017354,0.0
0.9414870906044011,0.0
0.8943866677384809,0.0
0.8970139288953608,0.0
0.8776886691687825,0.0
0.8810088652770224,0.0
0.8791168249269659,0.0
0.8909927163587614,0.0
0.9514575597413093,0.0
0.9477425637178232,0.0
1.0432143374591527,0.0
0.9129942860081973,0.0
0.9107036658203638,0.0
1.0262620538688645,0.0
1.0244835964359102,0.0
1.0262682127327336,0.0
1.0249203226009018,0.0
1.0444507060674653,0.0
1.0416639454952448,0.0
1.0499780480073377,0.0
1.047973571584476,0.0
1.068783898400037,0.0
1.0842719952957602,0.0
0.9111002701639264,0.0
0.9114047565377629,0.0
1.0348416596008776,0.0
1.0387296352285786,0.0
1.057906198834081,0.0
1.0584813144430272,0.0
0.9462103681574321,0.0
0.9465444552732872,0.0
1.0737551539104446,0.0
1.0770595132256122,0.0
1.090406669024083,0.0
1.0943632106845576,0.0
1.1452881480818433,0.0
1.1494952285884628,0.0
1.168543935002782,0.0
1.1724844958381673,0.0
0.919320464357137,0.0
0.9170192824026175,0.0
0.9285649430026065,0.0
0.9283268744135741,0.0
0.9351121806118966,0.0
0.9322260266559279,0.0
1.0879293317687961,0.0
1.0900347636942134,0.0
1.0837005933992354,0.0
1.0582438852575848,0.0
1.053574656078773,0.0
1.016674285728275,0.0
1.0124936757633352,0.0
1.0796426701149275,0.0
1.081069737650157,0.0
1.0000729261042025,0.0
0.9968081935658022,0.0
0.9893332308021812,0.0
0.9902994388426156,0.0
1.1058022488043582,0.0
1.077875849520534,0.0
1.0791490801629524,0.0
1.168723360348045,0.0
1.0562732018769363,0.0
1.0510190110913504,0.0
1.0569821794245153,0.0
1.0585679061750066,0.0
1.0115563703807677,0.0
1.0138630832541118,0.0
0.9925536450658735,0.0
0.9945615118638825,0.0
0.9902508597769873,0.0
0.9983441156796167,0.0
1.0656452888143304,0.0
1.060557075762296,0.0
1.1189306372319021,0.0
1.1334530745640419,0.0
0.7684556688209877,0.0
0.7659114321845464,0.0
0.7671280830054026,0.0
0.7650101557182601,0.0
0.8938076064787263,0.0
0.8916032332337054,0.0
0.8827366068795683,0.0
0.8809101698199827,0.0
0.9066482125985957,0.0
0.9041618082487575,0.0
0.9191487568410484,0.0
0.9165378189012502,0.0
0.9484531240315813,0.0
0.9808267749550813,0.0
0.7807463921243184,0.0
0.7814703128541596,0.0
0.7802967573553973,0.0
0.7800886405207543,0.0
0.9501244248943136,0.0
0.9504416674439049,0.0
0.9064182988041566,0.0
0.9093220640724518,0.0
0.9439238277707621,0.0
0.9480874540150473,0.0
0.9623522631229129,0.0
0.9660277694645568,0.0
1.0230287919100531,0.0
1.0276873786953478,0.0
0.7806522558447694,0.0
0.7776301499227949,0.0
0.7471505679982785,0.0
0.7471214899661881,0.0
0.8557165916325464,0.0
0.8517017219734747,0.0
1.0568029288715644,0.0
1.060877424381207,0.0
1.0105182899393188,0.0
0.9035064167065959,0.0
0.8978778574346002,0.0
0.9145391165408251,0.0
0.9097724698947607,0.0
0.8665950266532897,0.0
0.8622719643221657,0.0
0.962446099670707,0.0
0.9640266578511422,0.0
0.9747965683371305,0.0
0.9767887196709577,0.0
0.8641086920889903,0.0
0.8648028353885464,0.0
0.9923153202286875,0.0
0.9522103593795002,0.0
0.9528660367623041,0.0
0.9688169416945032,0.0
1.0193055761400183,0.0
0.9357383907332493,0.0
0.9378196404809298,0.0
0.8833328024953185,0.0
0.8854302211064816,0.0
0.8611151218367884,0.0
0.8636260531803529,0.0
0.8613755190661743,0.0
0.8679431775806934,0.0
0.930633273178581,0.0
0.9259336664420649,0.0
1.0549075970195558,0.0
0.7389137478532652,0.0
0.7362995209622188,0.0
0.7386588578669635,0.0
0.7365213574051347,0.0
0.8683489341484301,0.0
0.8661541034951564,0.0
0.8540939258359715,0.0
0.852222280938802,0.0
0.8819199563528805,0.0
0.8793253411574112,0.0
0.8953886125989615,0.0
0.8930621374703411,0.0
0.9260960771955923,0.0
0.9481434220695794,0.0
0.7503318241223744,0.0
